UniProtID,gene_MIM_number,gene_HGNC_name
A0A1B0GTW7,619703,CIROP
A0AVF1,617453,IFT56
A0PJY2,613301,FEZF1
A0PK11,618988,CLRN2
A1A4Y4,608212,IRGM
A1X283,613293,SH3PXD2B
A1XBS5,617273,CIBAR1
A2IDD5,614666,CCDC78
A2PYH4,615684,HFM1
A2RRP1,608025,NBAS
A2RU14,619285,TMEM218
A3KMH1,617509,VWA8
A4D126,614631,CRPPA
A5D8V7,615956,ODAD3
A5YKK6,604917,CNOT1
A6H8Y1,607012,BDP1
A6NCS4,611770,NKX2-6
A6NFY7,612848,SDHAF1
A6NGG8,613425,PCARE
A6NHR9,614982,SMCHD1
A6NI61,615345,MYMK
A6NK58,617659,LIPT2
A6NNB3,614757,IFITM5
A6NNN8,615585,SLC38A8
A6NNY8,300975,USP27X
A7XYQ1,613667,SOBP
A8K2U0,610627,A2ML1
A8MTJ6,612351,FOXI3
A8MTZ0,613605,BBIP1
A8MXD5,613283,GRXCR1
A8MYU2,615215,KCNU1
A9QM74,614107,KPNA7
B0YJ81,610467,HACD1
B1AK53,606351,ESPN
B2RTY4,604875,MYO9A
B2RUZ4,615242,SMIM1
B2RXF5,613915,ZBTB42
B7U540,613236,KCNJ18
C9JE40,614661,PATL2
C9JR72,613727,KBTBD13
D6RGH6,614086,MCIDAS
O00115,126350,DNASE2
O00116,603051,AGPS
O00139,602591,KIF2A
O00142,188250,TK2
O00165,605998,HAX1
O00170,605555,AIP
O00187,605102,MASP2
O00189,602296,AP4M1
O00203,603401,AP3B1
O00204,604125,SULT2B1
O00217,602141,NDUFS8
O00232,604450,PSMD12
O00238,603248,BMPR1B
O00253,602311,AGRP
O00255,613733,MEN1
O00268,601796,TAF4
O00287,601861,RFXAP
O00294,602280,TULP1
O00300,602643,TNFRSF11B
O00303,603914,EIF3F
O00305,601949,CACNB4
O00329,602839,PIK3CD
O00330,608769,PDHX
O00337,606207,SLC28A1
O00358,602617,FOXE1
O00400,603690,SLC33A1
O00408,602658,PDE2A
O00411,601778,POLRMT
O00423,602033,EML1
O00429,603850,DNM1L
O00443,603601,PIK3C2A
O00444,605031,PLK4
O00459,603157,PIK3R2
O00462,609489,MANBA
O00468,103320,AGRN
O00469,601865,PLOD2
O00470,601739,MEIS1
O00476,611034,SLC17A3
O00483,603833,NDUFA4
O00499,601248,BIN1
O00505,601892,KPNA3
O00507,400005,USP9Y
O00519,602935,FAAH
O00522,604214,KRIT1
O00548,606582,DLL1
O00555,601011,CACNA1A
O00567,614154,NOP56
O00571,300160,DDX3X
O00584,612944,RNASET2
O00623,601758,PEX12
O00628,601757,PEX7
O00712,600728,NFIB
O00744,601906,WNT10B
O00754,609458,MAN2B1
O00755,601570,WNT7A
O00757,603027,FBP2
O00764,179020,PDXK
O14497,603024,ARID1A
O14520,602974,AQP7
O14521,602690,SDHD
O14526,613437,FCHO1
O14529,610648,CUX2
O14578,605629,CIT
O14593,603200,RFXANK
O14617,607246,AP3D1
O14640,601365,DVL1
O14645,602135,DNALI1
O14646,602118,CHD1
O14647,602119,CHD2
O14649,603220,KCNK3
O14653,604027,GOSR2
O14654,300904,IRS4
O14656,605204,TOR1A
O14662,603666,STX16
O14672,602192,ADAM10
O14678,603214,ABCD4
O14686,602113,KMT2D
O14745,604990,NHERF1
O14746,187270,TERT
O14757,603078,CHEK1
O14763,603612,TNFRSF10B
O14764,137163,GABRD
O14770,601740,MEIS2
O14773,607998,TPP1
O14775,604447,GNB5
O14787,603002,TNPO2
O14788,602642,TNFSF11
O14791,603743,APOL1
O14793,601788,MSTN
O14802,614258,POLR3A
O14807,608435,MRAS
O14810,605032,CPLX1
O14813,602753,PHOX2A
O14832,602026,PHYH
O14836,604907,TNFRSF13B
O14841,614243,OPLAH
O14874,614901,BCKDK
O14896,607199,IRF6
O14901,603301,KLF11
O14908,605072,GIPC1
O14920,603258,IKBKB
O14926,607643,FSCN2
O14931,611550,NCR3
O14936,300172,CASK
O14949,612080,UQCRQ
O14958,114251,CASQ2
O14974,602021,PPP1R12A
O14979,607137,HNRNPDL
O14983,108730,ATP2A1
O15013,608136,ARHGEF10
O15020,604985,SPTBN2
O15040,615000,TECPR2
O15047,611052,SETD1A
O15054,611577,KDM6B
O15055,603426,PER2
O15066,603754,KIF3B
O15072,605011,ADAMTS3
O15078,610142,CEP290
O15091,609947,PRORP
O15105,602932,SMAD7
O15111,600664,CHUK
O15117,602731,FYB1
O15118,607623,NPC1
O15119,601621,TBX3
O15120,603100,AGPAT2
O15121,615843,DEGS1
O15123,601922,ANGPT2
O15143,604223,ARPC1B
O15146,601296,MUSK
O15151,602704,MDM4
O15155,605456,BET1
O15160,610060,POLR1C
O15169,603816,AXIN1
O15178,601397,TBXT
O15198,603295,SMAD9
O15228,602744,GNPAT
O15230,601033,LAMA5
O15232,602109,MATN3
O15239,300078,NDUFA1
O15247,300138,CLIC2
O15259,607100,NPHP1
O15265,607640,ATXN7
O15266,400020,SHOX
O15269,605712,SPTLC1
O15270,605713,SPTLC2
O15273,604488,TCAP
O15287,602956,FANCG
O15294,300255,OGT
O15297,605100,PPM1D
O15303,604096,GRM6
O15305,601785,PMM2
O15315,602948,RAD51B
O15344,300552,MID1
O15347,300193,HMGB3
O15350,601990,TP73
O15353,600838,FOXN1
O15357,600829,INPPL1
O15360,607139,FANCA
O15382,113530,BCAT2
O15397,605600,IPO8
O15399,602717,GRIN2D
O15409,605317,FOXP2
O15431,603085,SLC31A1
O15455,603029,TLR3
O15457,602105,MSH4
O15460,600608,P4HA2
O15484,602537,CAPN5
O15511,604227,ARPC5
O15520,602115,FGF10
O15524,603597,SOCS1
O15527,601982,OGG1
O15528,609506,CYP27B1
O15533,601962,TAPBP
O15537,300839,RS1
O15541,300951,RNF113A
O15550,300128,KDM6A
O15553,608107,MEFV
O15554,602754,KCNN4
O43151,613555,TET3
O43156,614425,TTI1
O43167,614064,ZBTB24
O43172,607795,PRPF4
O43175,606879,PHGDH
O43181,602694,NDUFS4
O43186,602225,CRX
O43196,603382,MSH5
O43272,606810,PRODH
O43280,275360,TREH
O43291,605124,SPINT2
O43292,603048,GPAA1
O43299,613653,AP5Z1
O43306,600294,ADCY6
O43307,300429,ARHGEF9
O43314,611648,PPIP5K2
O43316,167413,PAX4
O43318,602614,MAP3K7
O43320,300827,FGF16
O43323,605423,DHH
O43364,604685,HOXA2
O43379,613583,WDR62
O43390,607201,HNRNPR
O43395,607301,PRPF3
O43405,603196,COCH
O43424,602368,GRID2
O43426,604297,SYNJ1
O43427,608296,FIBP
O43435,602054,TBX1
O43462,300294,MBTPS2
O43464,606441,HTRA2
O43490,604365,PROM1
O43497,604065,CACNA1G
O43502,602774,RAD51C
O43505,605517,B4GAT1
O43511,605646,SLC26A4
O43516,602357,WIPF1
O43520,602397,ATP8B1
O43525,602232,KCNQ3
O43526,602235,KCNQ2
O43541,602931,SMAD6
O43542,600675,XRCC3
O43543,600375,XRCC2
O43548,603805,TGM5
O43556,604149,SGCE
O43561,602354,LAT
O43567,609247,RNF13
O43570,603263,CA12
O43586,606347,PSTPIP1
O43593,602302,HR
O43597,602466,SPRY2
O43602,300121,DCX
O43612,602358,HCRT
O43623,602150,SNAI2
O43676,603839,NDUFB3
O43678,602137,NDUFA2
O43681,601913,GET3
O43683,602452,BUB1
O43707,604638,ACTN4
O43708,603758,GSTZ1
O43709,615733,BUD23
O43716,617210,GATC
O43734,607043,TRAF3IP2
O43747,603533,AP1G1
O43766,607031,LIAS
O43772,613698,SLC25A20
O43776,108410,NARS1
O43790,601928,KRT86
O43791,602650,SPOP
O43819,604272,SCO2
O43822,603191,CFAP410
O43826,602671,SLC37A4
O43837,604526,IDH3B
O43895,300145,XPNPEP2
O43896,603060,KIF1C
O43897,606742,TLL1
O43900,300111,PRICKLE3
O43909,605744,EXTL3
O43914,604142,TYROBP
O43918,607358,AIRE
O43924,602676,PDE6D
O43929,603056,ORC4
O43933,602136,PEX1
O60216,606462,RAD21
O60220,300356,TIMM8A
O60231,603405,DHX16
O60240,170290,PLIN1
O60243,604846,HS6ST1
O60258,603725,FGF17
O60260,602544,PRKN
O60266,600291,ADCY3
O60281,616213,ZNF292
O60282,604593,KIF5C
O60292,616655,SIPA1L3
O60303,616650,KATNIP
O60307,612258,MAST3
O60308,616690,CEP104
O60313,605290,OPA1
O60315,605802,ZEB2
O60318,603294,MCM3AP
O60331,606102,PIP5K1C
O60333,605995,KIF1B
O60336,616786,MAPKBP1
O60337,613297,MARCHF6
O60341,609132,KDM1A
O60343,612465,TBC1D4
O60353,603409,FZD6
O60383,601918,GDF9
O60393,610934,NOBOX
O60443,608798,GSDME
O60479,600525,DLX3
O60481,300265,ZIC3
O60487,604873,MPZL2
O60488,300157,ACSL4
O60494,602997,CUBN
O60500,602716,NPHS1
O60508,605585,CDC40
O60524,608378,NEMF
O60565,603054,GREM1
O60566,602860,BUB1B
O60568,603066,PLOD3
O60602,603031,TLR5
O60603,603028,TLR2
O60610,602121,DIAPH1
O60662,607701,KLHL41
O60663,602575,LMX1B
O60674,147796,JAK2
O60683,602859,PEX10
O60687,300642,SRPX2
O60701,603370,UGDH
O60706,601439,ABCC9
O60716,601045,CTNND1
O60721,603617,SLC24A1
O60733,603604,PLA2G6
O60741,602780,HCN1
O60762,603503,DPM1
O60779,603941,SLC19A2
O60783,611978,MRPS14
O60784,604700,TOM1
O60806,604614,TBX19
O60826,300859,CCDC22
O60828,300463,PQBP1
O60832,300126,DKC1
O60840,300110,CACNA1F
O60879,300108,DIAPH2
O60880,300490,SH2D1A
O60882,604629,MMP20
O60885,608749,BRD4
O60890,300127,OPHN1
O60907,300196,TBL1X
O60928,603208,KCNJ13
O60930,604123,RNASEH1
O60931,606272,CTNS
O60934,602667,NBN
O60936,605235,NOL3
O60938,603288,KERA
O60939,601327,SCN2B
O75027,300135,ABCB7
O75030,156845,MITF
O75031,604554,HSF2BP
O75052,605551,NOS1AP
O75054,603491,IGSF3
O75061,608375,DNAJC6
O75072,607440,FKTN
O75083,604734,WDR1
O75096,604270,LRP4
O75110,609126,ATP9A
O75112,605906,LDB3
O75140,614191,DEPDC5
O75147,610991,OBSL1
O75161,607215,NPHP4
O75165,614334,DNAJC13
O75175,604910,CNOT3
O75179,615929,ANKRD17
O75190,611332,DNAJB6
O75197,603506,LRP5
O75204,613403,TMEM127
O75208,612837,COQ9
O75251,601825,NDUFS7
O75298,603183,RTN2
O75306,602985,NDUFS2
O75312,603901,ZPR1
O75326,607961,SEMA7A
O75339,603489,CILP
O75342,603741,ALOX12B
O75344,604839,FKBP6
O75360,601538,PROP1
O75364,602669,PITX3
O75366,613397,AVIL
O75369,603381,FLNB
O75381,601791,PEX14
O75386,604730,TULP3
O75398,602635,DEAF1
O75417,604419,POLQ
O75419,603465,CDC45
O75431,608555,MTX2
O75439,603131,PMPCB
O75443,602574,TECTA
O75444,177075,MAF
O75445,608400,USH2A
O75462,604237,CRLF1
O75477,611604,ERLIN1
O75487,300168,GPC4
O75489,603846,NDUFS3
O75496,602842,GMNN
O75503,608102,CLN5
O75508,601326,CLDN11
O75530,605984,EED
O75531,603811,BANF1
O75553,603448,DAB1
O75558,605014,STX11
O75569,603424,PRKRA
O75581,603507,LRP6
O75603,603716,GCM2
O75616,607435,ERAL1
O75636,604973,FCN3
O75643,601664,SNRNP200
O75648,610230,TRMU
O75665,300170,OFD1
O75694,606694,NUP155
O75695,300757,RP2
O75712,603324,GJB3
O75718,605497,CRTAP
O75746,603667,SLC25A12
O75752,603094,B3GALNT1
O75762,604775,TRPA1
O75771,602954,RAD51D
O75787,300556,ATP6AP2
O75792,606034,RNASEH2A
O75795,601903,UGT2B17
O75800,607070,ZMYND10
O75808,603267,CAPN15
O75838,605564,CIB2
O75844,606480,ZMPSTE24
O75845,602286,SC5D
O75874,147700,IDH1
O75879,603645,GATB
O75880,603644,SCO1
O75881,603711,CYP7B1
O75899,607340,GABBR2
O75907,604900,DGAT1
O75909,603544,CCNK
O75914,300142,PAK3
O75916,604067,RGS9
O75923,603009,DYSF
O75962,601893,TRIO
O75969,604689,AKAP3
O75970,603785,MPDZ
O75995,300441,SASH3
O76024,606201,WFS1
O76031,615611,CLPX
O76039,300203,CDKL5
O76082,603377,SLC22A5
O76090,607854,BEST1
O76094,602122,SRP72
O94761,603780,RECQL4
O94766,606374,B3GAT3
O94777,603564,DPM2
O94788,603687,ALDH1A2
O94804,603919,STK10
O94805,612458,ACTL6B
O94827,611101,PLEKHG5
O94830,615003,DDHD2
O94855,607186,SEC24D
O94856,609145,NFASC
O94885,607955,SASH1
O94886,618685,TMEM63A
O94898,608869,LRIG2
O94905,611605,ERLIN2
O94906,613979,PRPF6
O94910,616416,ADGRL1
O94925,138280,GLS
O94953,609765,KDM4B
O94972,605073,TRIM37
O94979,610257,SEC31A
O94986,613529,CEP152
O95104,616023,SCAF4
O95136,605111,S1PR2
O95140,608507,MFN2
O95153,610764,TSPOAP1
O95163,603722,ELP1
O95169,602140,NDUFB8
O95180,607904,CACNA1H
O95185,603610,UNC5C
O95202,604407,LETM1
O95235,605664,KIF20A
O95237,604863,LRAT
O95239,300521,KIF4A
O95243,603574,MBD4
O95248,603560,SBF1
O95255,603234,ABCC6
O95259,603305,KCNH1
O95263,603390,PDE8B
O95267,603962,RASGRP1
O95278,607566,EPM2A
O95292,605704,VAPB
O95298,603845,NDUFC2
O95299,603835,NDUFA10
O95319,602538,CELF2
O95340,603005,PAPSS2
O95342,603201,ABCB11
O95343,603714,SIX3
O95352,608760,ATG7
O95363,611592,FARS2
O95365,605878,ZBTB7A
O95389,603400,CCN6
O95390,603936,GDF11
O95394,172100,PGM3
O95409,603073,ZIC2
O95425,604126,SVIL
O95427,606097,PIGN
O95436,604217,SLC34A2
O95450,604539,ADAMTS2
O95452,604418,GJB6
O95453,604212,PARN
O95461,603590,LARGE1
O95467,139320,GNAS
O95470,603729,SGPL1
O95475,606326,SIX6
O95477,600046,ABCA1
O95479,138090,H6PD
O95484,615799,CLDN9
O95500,605608,CLDN14
O95528,606145,SLC2A10
O95551,605764,TDP2
O95571,608451,ETHE1
O95602,616404,POLR1A
O95613,605925,PCNT
O95622,600293,ADCY5
O95630,606247,STAMBP
O95631,601614,NTN1
O95672,605896,ECEL1
O95677,603550,EYA4
O95678,609025,KRT75
O95714,605837,HERC2
O95718,602167,ESRRB
O95721,604202,SNAP29
O95749,606982,GGPS1
O95786,609631,RIGI
O95817,603883,BAG3
O95822,606761,MLYCD
O95831,300169,AIFM1
O95832,603718,CLDN1
O95859,613138,TSPAN12
O95866,606520,MPIG6B
O95870,142620,ABHD16A
O95876,613580,WDPCP
O95932,613900,TGM6
O95935,604613,TBX18
O95947,602427,TBX6
O95954,606806,FTCD
O95967,604633,EFEMP2
O95970,604619,LGI1
O95972,300247,BMP15
O95994,606358,AGR2
O95995,605178,GAS8
O95996,612034,APC2
O95998,604113,IL18BP
O95999,603517,BCL10
O96000,603843,NDUFB10
O96007,603708,MOCS2
O96011,603867,PEX11B
O96015,610565,DNAL4
O96017,604373,CHEK2
O96028,602952,NSD2
O96033,603708,MOCS2
P00156,516020,MT-CYB
P00167,613218,CYB5A
P00338,150000,LDHA
P00367,138130,GLUD1
P00374,126060,DHFR
P00387,613213,CYB5R3
P00390,138300,GSR
P00395,516030,MT-CO1
P00403,516040,MT-CO2
P00414,516050,MT-CO3
P00439,612349,PAH
P00441,147450,SOD1
P00450,117700,CP
P00451,300841,F8
P00480,300461,OTC
P00488,134570,F13A1
P00491,164050,PNP
P00492,308000,HPRT1
P00505,138150,GOT2
P00519,189980,ABL1
P00533,131550,EGFR
P00540,190060,MOS
P00558,311800,PGK1
P00568,103000,AK1
P00734,176930,F2
P00736,613785,C1R
P00738,140100,HP
P00740,300746,F9
P00742,613872,F10
P00746,134350,CFD
P00747,173350,PLG
P00748,610619,F12
P00749,191840,PLAU
P00751,138470,CFB
P00797,179820,REN
P00813,608958,ADA
P00846,516060,MT-ATP6
P00918,611492,CA2
P00966,603470,ASS1
P00973,164350,OAS1
P00995,167790,SPINK1
P01008,107300,SERPINC1
P01009,107400,SERPINA1
P01019,106150,AGT
P01024,120700,C3
P01031,120900,C5
P01034,604312,CST3
P01040,184600,CSTA
P01042,612358,KNG1
P01106,190080,MYC
P01111,164790,NRAS
P01112,190020,HRAS
P01116,190070,KRAS
P01127,190040,PDGFB
P01130,606945,LDLR
P01133,131530,EGF
P01137,190180,TGFB1
P01138,162030,NGF
P01148,152760,GNRH1
P01160,108780,NPPA
P01185,192340,AVP
P01189,176830,POMC
P01213,131340,PDYN
P01222,188540,TSHB
P01225,136530,FSHB
P01229,152780,LHB
P01241,139250,GH1
P01266,188450,TG
P01270,168450,PTH
P01308,176730,INS
P01344,147470,IGF2
P01374,153440,LTA
P01375,191160,TNF
P01579,147570,IFNG
P01588,133170,EPO
P01589,147730,IL2RA
P01730,186940,CD4
P01732,186910,CD8A
P01834,147200,
P01848,186880,
P01857,147100,
P01871,147020,
P01903,142860,HLA-DRA
P02144,160000,MB
P02452,120150,COL1A1
P02458,120140,COL2A1
P02461,120180,COL3A1
P02462,120130,COL4A1
P02489,123580,CRYAA
P02511,123590,CRYAB
P02533,148066,KRT14
P02538,148041,KRT6A
P02545,150330,LMNA
P02549,182860,SPTA1
P02585,191039,TNNC2
P02647,107680,APOA1
P02649,107741,APOE
P02655,608083,APOC2
P02656,107720,APOC3
P02671,134820,FGA
P02675,134830,FGB
P02679,134850,FGG
P02689,170715,PMP2
P02708,100690,CHRNA1
P02724,617922,GYPA
P02745,120550,C1QA
P02746,120570,C1QB
P02747,120575,C1QC
P02748,120940,C9
P02751,135600,FN1
P02753,180250,RBP4
P02765,138680,AHSG
P02766,176300,TTR
P02768,103600,ALB
P02771,104150,AFP
P02786,190010,TFRC
P02787,190000,TF
P02792,134790,FTL
P02794,134770,FTH1
P03372,133430,ESR1
P03886,516000,MT-ND1
P03891,516001,MT-ND2
P03897,516002,MT-ND3
P03901,516004,MT-ND4L
P03905,516003,MT-ND4
P03915,516005,MT-ND5
P03923,516006,MT-ND6
P03928,516070,MT-ATP8
P03950,105850,ANG
P03951,264900,F11
P03952,229000,KLKB1
P03971,600957,AMH
P03999,613522,OPN1SW
P04000,300822,OPN1LW
P04001,300821,OPN1MW
P04035,142910,HMGCR
P04040,115500,CAT
P04049,164760,RAF1
P04062,606463,GBA1
P04066,612280,FUCA1
P04070,612283,PROC
P04075,103850,ALDOA
P04080,601145,CSTB
P04114,107730,APOB
P04150,138040,NR3C1
P04156,176640,PRNP
P04179,147460,SOD2
P04180,606967,LCAT
P04181,613349,OAT
P04196,142640,HRG
P04198,164840,MYCN
P04234,186790,CD3D
P04259,148042,KRT6B
P04264,139350,KRT1
P04275,613160,VWF
P04350,602662,TUBB4A
P04424,608310,ASL
P04439,142800,HLA-A
P04626,164870,ERBB2
P04628,164820,WNT1
P04629,191315,NTRK1
P04637,191170,TP53
P04792,602195,HSPB1
P04818,188350,TYMS
P04839,300481,CYBB
P04920,109280,SLC4A2
P04921,110750,GYPC
P05019,147440,IGF1
P05023,182310,ATP1A1
P05062,612724,ALDOB
P05067,104760,APP
P05089,608313,ARG1
P05093,609300,CYP17A1
P05106,173470,ITGB3
P05107,600065,ITGB2
P05108,118485,CYP11A1
P05112,147780,IL4
P05121,173360,SERPINE1
P05129,176980,PRKCG
P05155,606860,SERPING1
P05156,217030,CFI
P05160,134580,F13B
P05161,147571,ISG15
P05164,606989,MPO
P05165,232000,PCCA
P05166,232050,PCCB
P05186,171760,ALPL
P05231,147620,IL6
P05305,131240,EDN1
P05362,147840,ICAM1
P05452,187520,CLEC3B
P05543,314200,SERPINA7
P05546,142360,SERPIND1
P05549,107580,TFAP2A
P05783,148070,KRT18
P05787,148060,KRT8
P05813,123610,CRYBA1
P05976,160780,MYL1
P05997,120190,COL5A2
P06028,617923,GYPB
P06132,613521,UROD
P06213,147670,INSR
P06239,153390,LCK
P06276,177400,BCHE
P06280,300644,GLA
P06396,137350,GSN
P06400,614041,RB1
P06576,102910,ATP5F1B
P06681,613927,C2
P06730,133440,EIF4E
P06737,613741,PYGL
P06744,172400,GPI
P06753,191030,TPM3
P06858,609708,LPL
P06865,606869,HEXA
P06870,147910,KLK1
P07101,191290,TH
P07195,150100,LDHB
P07196,162280,NEFL
P07202,606765,TPO
P07204,188040,THBD
P07225,176880,PROS1
P07237,176790,P4HB
P07315,123680,CRYGC
P07320,123690,CRYGD
P07333,164770,CSF1R
P07339,116840,CTSD
P07357,120950,C8A
P07358,120960,C8B
P07359,606672,GP1BA
P07384,114220,CAPN1
P07437,191130,TUBB
P07477,276000,PRSS1
P07510,100730,CHRNG
P07585,125255,DCN
P07602,176801,PSAP
P07686,606873,HEXB
P07737,176610,PFN1
P07738,613896,BPGM
P07741,102600,APRT
P07766,186830,CD3E
P07814,138295,EPRS1
P07858,116810,CTSB
P07902,606999,GALT
P07910,164020,HNRNPC
P07911,191845,UMOD
P07919,613844,UQCRH
P07942,150240,LAMB1
P07948,165120,LYN
P07949,164761,RET
P07951,190990,TPM2
P07954,136850,FH
P07988,178640,SFTPB
P07992,126380,ERCC1
P08034,304040,GJB1
P08069,147370,IGF1R
P08100,180380,RHO
P08118,157145,MSMB
P08123,120160,COL1A2
P08151,165220,GLI1
P08172,118493,CHRM2
P08174,125240,CD55
P08183,171050,ABCB1
P08185,122500,SERPINA6
P08217,609443,CELA2A
P08235,600983,NR3C2
P08236,611499,GUSB
P08237,610681,PFKM
P08243,108370,ASNS
P08246,130130,ELANE
P08247,313475,SYP
P08253,120360,MMP2
P08254,185250,MMP3
P08397,609806,HMBS
P08473,120520,MME
P08493,154870,MGP
P08514,607759,ITGA2B
P08519,152200,LPA
P08559,300502,PDHA1
P08572,120090,COL4A2
P08574,123980,CYC1
P08575,151460,PTPRC
P08581,164860,MET
P08588,109630,ADRB1
P08590,160790,MYL3
P08603,134370,CFH
P08631,142370,HCK
P08637,146740,FCGR3A
P08670,193060,VIM
P08684,124010,CYP3A4
P08686,613815,CYP21A2
P08697,613168,SERPINF2
P08708,180472,RPS17
P08709,613878,F7
P08754,139370,GNAI3
P08758,131230,ANXA5
P08779,148067,KRT16
P08842,300747,STS
P08865,150370,RPSA
P08887,147880,IL6R
P08908,109760,HTR1A
P08913,104210,ADRA2A
P08F94,606702,PKHD1
P09172,609312,DBH
P09417,612676,QDPR
P09467,611570,FBP1
P09471,139311,GNAO1
P09486,182120,SPARC
P09493,191010,TPM1
P09543,123830,CNP
P09601,141250,HMOX1
P09619,173410,PDGFRB
P09622,238331,DLD
P09651,164017,HNRNPA1
P09693,186740,CD3G
P09758,137290,TACSTD2
P09848,603202,LCT
P09871,120580,C1S
P09884,312040,POLA1
P09936,191342,UCHL1
P0C0L4,120810,C4A
P0C0L5,120820,C4B
P0C1S8,614084,WEE2
P0C7P3,614958,SLFN14
P0CG37,605194,CFC1
P0CW18,613858,PRSS56
P0DI81,300202,TRAPPC2
P0DP23,114180,CALM1
P0DP24,114182,CALM2
P0DP25,114183,CALM3
P0DP91,609413,ERCC6
P0DPB6,613715,POLR1D
P0DPH8,617878,TUBA3D
P0DPK4,618025,NOTCH2NLC
P10070,165230,GLI2
P10071,165240,GLI3
P10176,123870,COX8A
P10253,606800,GAA
P10275,313700,AR
P10276,180240,RARA
P10323,102480,ACR
P10412,142220,H1-4
P10515,608770,DLAT
P10523,181031,SAG
P10586,179590,PTPRF
P10589,132890,NR2F1
P10600,190230,TGFB3
P10619,613111,CTSA
P10632,601129,CYP2C8
P10635,124030,CYP2D6
P10636,157140,MAPT
P10643,217070,C7
P10644,188830,PRKAR1A
P10721,164920,KIT
P10745,180290,RBP3
P10746,606938,UROS
P10809,118190,HSPD1
P10826,180220,RARB
P10827,190120,THRA
P10828,190160,THRB
P10912,600946,GHR
P10914,147575,IRF1
P10916,160781,MYL2
P11055,160720,MYH3
P11150,151670,LIPC
P11161,129010,EGR2
P11166,138140,SLC2A1
P11168,138160,SLC2A2
P11171,130500,EPB41
P11172,613891,UMPS
P11177,179060,PDHB
P11182,248610,DBT
P11215,120980,ITGAM
P11217,608455,PYGM
P11226,154545,MBL2
P11230,100710,CHRNB1
P11233,179550,RALA
P11245,612182,NAT2
P11274,151410,BCR
P11277,182870,SPTB
P11308,165080,ERG
P11310,607008,ACADM
P11362,136350,FGFR1
P11413,305900,G6PD
P11473,601769,VDR
P11487,164950,FGF3
P11488,139330,GNAT1
P11498,608786,PC
P11511,107910,CYP19A1
P11532,300377,DMD
P11586,172460,MTHFD1
P11597,118470,CETP
P11678,131399,EPX
P11686,178620,SFTPC
P11766,103710,ADH5
P11802,123829,CDK4
P11836,112210,MS4A1
P11912,112205,CD79A
P11926,165640,ODC1
P12004,176740,PCNA
P12034,165190,FGF5
P12035,148043,KRT3
P12036,162230,NEFH
P12074,602072,COX6A1
P12081,142810,HARS1
P12107,120280,COL11A1
P12109,120220,COL6A1
P12110,120240,COL6A2
P12111,120250,COL6A3
P12235,103220,SLC25A4
P12259,612309,F5
P12268,146691,IMPDH2
P12270,189940,TPR
P12271,180090,RLBP1
P12272,168470,PTHLH
P12643,112261,BMP2
P12644,112262,BMP4
P12694,608348,BCKDHA
P12755,164780,SKI
P12814,102575,ACTN1
P12829,160770,MYL4
P12830,192090,CDH1
P12883,160760,MYH7
P12931,190090,SRC
P12955,613230,PEPD
P13051,191525,UNG
P13073,123864,COX4I1
P13224,138720,GP1BB
P13232,146660,IL7
P13349,159990,MYF5
P13473,309060,LAMP2
P13489,173320,RNH1
P13497,112264,BMP1
P13498,608508,CYBA
P13533,160710,MYH6
P13535,160741,MYH8
P13569,602421,CFTR
P13611,118661,VCAN
P13637,182350,ATP1A3
P13639,130610,EEF2
P13645,148080,KRT10
P13646,148065,KRT13
P13647,148040,KRT5
P13671,217050,C6
P13686,171640,ACP5
P13716,125270,ALAD
P13797,300131,PLS3
P13804,608053,ETFA
P13805,191041,TNNT1
P13807,138570,GYS1
P13866,182380,SLC5A1
P13929,131370,ENO3
P13942,120290,COL11A2
P13987,107271,CD59
P14136,137780,GFAP
P14138,131242,EDN3
P14174,153620,MIF
P14210,142409,HGF
P14222,170280,PRF1
P14314,177060,PRKCSH
P14324,134629,FDPS
P14410,609845,SI
P14416,126450,DRD2
P14598,608512,NCF1
P14653,142968,HOXB1
P14672,138190,SLC2A4
P14678,182282,SNRPB
P14679,606933,TYR
P14770,173515,GP9
P14778,147810,IL1R1
P14780,120361,MMP9
P14784,146710,IL2RB
P14854,124089,COX6B1
P14867,137160,GABRA1
P14868,603084,DARS1
P14920,124050,DAO
P14923,173325,JUP
P14927,191330,UQCRB
P15056,164757,BRAF
P15104,138290,GLUL
P15153,602049,RAC2
P15169,603103,CPN1
P15172,159970,MYOD1
P15259,612931,PGAM2
P15260,107470,IFNGR1
P15289,607574,ARSA
P15291,137060,B4GALT1
P15313,192132,ATP6V1B1
P15328,136430,FOLR1
P15382,176261,KCNE1
P15391,107265,CD19
P15428,601688,HPGD
P15502,130160,ELN
P15509,425000,CSF2RA
P15529,120920,CD46
P15538,610613,CYP11B1
P15586,607664,GNS
P15692,192240,VEGFA
P15735,172471,PHKG2
P15814,146770,IGLL1
P15848,611542,ARSB
P15863,167411,PAX1
P15882,118423,CHN1
P15884,602272,TCF4
P15918,179615,RAG1
P15923,147141,TCF3
P15924,125647,DSP
P15941,158340,MUC1
P15976,305371,GATA1
P16070,107269,CD44
P16112,155760,ACAN
P16144,147557,ITGB4
P16157,612641,ANK1
P16219,606885,ACADS
P16220,123810,CREB1
P16233,246600,PNLIP
P16234,173490,PDGFRA
P16278,611458,GLB1
P16389,176262,KCNA2
P16410,123890,CTLA4
P16422,185535,EPCAM
P16435,124015,POR
P16442,110300,ABO
P16452,177070,EPB42
P16471,176761,PRLR
P16473,603372,TSHR
P16499,180071,PDE6A
P16520,139130,GNB3
P16615,108740,ATP2A2
P16671,173510,CD36
P16870,114855,CPE
P16871,146661,IL7R
P16885,600220,PLCG2
P16930,613871,FAH
P17050,104170,NAGA
P17174,138180,GOT1
P17181,107450,IFNAR1
P17302,121014,GJA1
P17342,108962,NPR3
P17405,607608,SMPD1
P17480,600673,UBTF
P17516,600451,AKR1C4
P17568,603842,NDUFB7
P17600,313440,SYN1
P17612,601639,PRKACA
P17643,115501,TYRP1
P17661,125660,DES
P17735,613018,TAT
P17787,118507,CHRNB2
P17812,123860,CTPS1
P17813,131195,ENG
P17861,194355,XBP1
P17900,613109,GM2A
P17927,120620,CR1
P17947,165170,SPI1
P17980,186852,PSMC3
P18054,152391,ALOX12
P18074,126340,ERCC2
P18077,180468,RPL35A
P18089,104260,ADRA2B
P18206,193065,VCL
P18505,137190,GABRB1
P18507,137164,GABRG2
P18510,147679,IL1RN
P18545,180073,PDE6G
P18564,147558,ITGB6
P18577,111700,RHCE
P18583,182465,SON
P18846,123803,ATF1
P18850,605537,ATF6
P18858,126391,LIG1
P18887,194360,XRCC1
P19013,123940,KRT4
P19022,114020,CDH2
P19087,139340,GNAT2
P19099,124080,CYP11B2
P19174,172420,PLCG1
P19235,133171,EPOR
P19367,142600,HK1
P19404,600532,NDUFV2
P19429,191044,TNNI3
P19438,191190,TNFRSF1A
P19440,612346,GGT1
P19447,133510,ERCC3
P19525,176871,EIF2AK2
P19526,211100,FUT1
P19532,314310,TFE3
P19544,607102,WT1
P19634,107310,SLC9A1
P19835,114840,CEL
P19838,164011,NFKB1
P19878,608515,NCF2
P19971,131222,TYMP
P20020,108731,ATP2B1
P20023,120650,CR2
P20062,613441,TCN2
P20155,605753,SPINK2
P20226,600075,TBP
P20264,602480,POU3F3
P20292,603700,ALOX5AP
P20309,118494,CHRM3
P20585,600887,MSH3
P20594,108961,NPR2
P20618,602017,PSMB1
P20674,603773,COX5A
P20700,150340,LMNB1
P20711,107930,DDC
P20794,154235,MAK
P20807,114240,CAPN3
P20810,114090,CAST
P20813,123930,CYP2B6
P20823,142410,HNF1A
P20839,146690,IMPDH1
P20849,120210,COL9A1
P20908,120215,COL5A1
P20916,159460,MAG
P20929,161650,NEB
P20930,135940,FLG
P20933,613228,AGA
P20936,139150,RASA1
P20963,186780,CD247
P21217,111100,FUT3
P21281,606939,ATP6V1B2
P21333,300017,FLNA
P21359,613113,NF1
P21397,309850,MAOA
P21439,171060,ABCB4
P21549,604285,AGXT
P21554,114610,CNR1
P21579,185605,SYT1
P21580,191163,TNFAIP3
P21583,184745,KITLG
P21589,129190,NT5E
P21675,313650,TAF1
P21695,138420,GPD1
P21731,188070,TBXA2R
P21754,182889,ZP3
P21757,153622,MSR1
P21802,176943,FGFR2
P21810,301870,BGN
P21817,180901,RYR1
P21860,190151,ERBB3
P21912,185470,SDHB
P21918,126453,DRD5
P21953,248611,BCKDHB
P22004,112266,BMP6
P22033,609058,MMUT
P22105,600985,TNXB
P22223,114021,CDH3
P22234,172439,PAICS
P22301,124092,IL10
P22303,100740,ACHE
P22304,300823,IDS
P22307,184755,SCP2
P22309,191740,UGT1A1
P22314,314370,UBA1
P22413,173335,ENPP1
P22415,191523,USF1
P22459,176266,KCNA4
P22460,176267,KCNA5
P22466,137035,GAL
P22557,301300,ALAS2
P22570,103270,FDXR
P22607,134934,FGFR3
P22612,176893,PRKACG
P22626,600124,HNRNPA2B1
P22674,607752,CCNO
P22681,165360,CBL
P22694,176892,PRKACB
P22695,191329,UQCRC2
P22735,190195,TGM1
P22748,114760,CA4
P22830,612386,FECH
P22888,152790,LHCGR
P22914,123730,CRYGS
P23025,611153,XPA
P23109,102770,AMPD1
P23141,114835,CES1
P23142,135820,FBLN1
P23229,147556,ITGA6
P23258,191135,TUBG1
P23276,613883,KEL
P23284,123841,PPIB
P23352,300836,ANOS1
P23378,238300,GLDC
P23381,191050,WARS1
P23415,138491,GLRA1
P23416,305990,GLRA2
P23434,238330,GCSH
P23458,147795,JAK1
P23490,152445,LORICRIN
P23510,603594,TNFSF4
P23526,180960,AHCY
P23759,167410,PAX7
P23760,606597,PAX3
P23763,185880,VAMP1
P23769,137295,GATA2
P23771,131320,GATA3
P23786,600650,CPT2
P23919,188345,DTYMK
P23921,180410,RRM1
P23942,179605,PRPH2
P23945,136435,FSHR
P23975,163970,SLC6A2
P24043,156225,LAMA2
P24311,300885,COX7B
P24385,168461,CCND1
P24386,300390,CHM
P24468,107773,NR2F2
P24530,131244,EDNRB
P24557,274180,TBXAS1
P24723,605437,PRKCH
P24752,607809,ACAT1
P24821,187380,TNC
P24844,609905,MYL9
P24855,125505,DNASE1
P24928,180660,POLR2A
P25025,146928,CXCR2
P25054,611731,APC
P25063,600074,CD24
P25067,120252,COL8A2
P25092,601330,GUCY2C
P25101,131243,EDNRA
P25106,610376,ACKR3
P25189,159440,MPZ
P25325,602496,MPST
P25391,150320,LAMA1
P25445,134637,FAS
P25490,600013,YY1
P25686,604139,DNAJB2
P25705,164360,ATP5F1A
P25942,109535,CD40
P25963,164008,NFKBIA
P26006,605025,ITGA3
P26038,309845,MSN
P26196,600326,DDX6
P26232,114025,CTNNA2
P26358,126375,DNMT1
P26367,607108,PAX6
P26368,191318,U2AF2
P26373,113703,RPL13
P26439,613890,HSD3B2
P26440,607036,IVD
P26639,187790,TARS1
P26640,192150,VARS1
P26678,172405,PLN
P26842,186711,CD27
P26998,123630,CRYBB3
P27352,609342,CBLIF
P27448,602678,MARK3
P27449,108745,ATP6V0C
P27539,602880,GDF1
P27544,606919,CERS1
P27635,312173,RPL10
P27694,179835,RPA1
P27708,114010,CAD
P27918,300383,CFP
P27986,171833,PIK3R1
P28062,177046,PSMB8
P28065,177045,PSMB9
P28069,173110,POU1F1
P28070,602177,PSMB4
P28288,170995,ABCD3
P28300,153455,LOX
P28328,170993,PEX2
P28329,118490,CHAT
P28331,157655,NDUFS1
P28340,174761,POLD1
P28347,189967,TEAD1
P28358,142984,HOXD10
P28360,142983,MSX1
P28472,137192,GABRB3
P28482,176948,MAPK1
P28715,133530,ERCC5
P28799,138945,GRN
P28845,600713,HSD11B1
P29033,121011,GJB2
P29084,189964,GTF2E2
P29120,162150,PCSK1
P29144,190470,TPP2
P29218,602064,IMPA1
P29317,176946,EPHA2
P29320,179611,EPHA3
P29323,600997,EPHB2
P29371,162332,TACR3
P29400,303630,COL4A5
P29401,606781,TKT
P29460,161561,IL12B
P29536,602715,LMOD1
P29597,176941,TYK2
P29803,179061,PDHA2
P29965,300386,CD40LG
P29972,107776,AQP1
P29973,123825,CNGA1
P29992,139313,GNA11
P30038,606811,ALDH4A1
P30048,604769,PRDX3
P30049,603150,ATP5F1D
P30084,602292,ECHS1
P30153,605983,PPP2R1A
P30279,123833,CCND2
P30301,154050,MIP
P30518,300538,AVPR2
P30531,137165,SLC6A1
P30532,118505,CHRNA5
P30533,104225,LRPAP1
P30556,106165,AGTR1
P30566,608222,ADSL
P30613,609712,PKLR
P30793,600225,GCH1
P30968,138850,GNRHR
P31040,600857,SDHA
P31146,605000,CORO1A
P31150,300104,GDI1
P31213,607306,SRD5A2
P31270,142958,HOXA11
P31271,142959,HOXA13
P31276,142976,HOXC13
P31321,176911,PRKAR1B
P31327,608307,CPS1
P31371,600921,FGF9
P31415,114250,CASQ1
P31483,603518,TIA1
P31513,136132,FMO3
P31629,143054,HIVEP2
P31639,182381,SLC5A2
P31641,186854,SLC6A6
P31644,137142,GABRA5
P31645,182138,SLC6A4
P31749,164730,AKT1
P31751,164731,AKT2
P31785,308380,IL2RG
P31930,191328,UQCRC1
P31939,601731,ATIC
P31943,601035,HNRNPH1
P31944,605848,CASP14
P31994,604590,FCGR2B
P32004,308840,L1CAM
P32189,300474,GK
P32243,600037,OTX2
P32245,155541,MC4R
P32297,118503,CHRNA3
P32322,179035,PYCR1
P32754,609695,HPD
P32926,169615,DSG3
P32927,138981,CSF2RB
P32929,607657,CTH
P32970,602840,CD70
P33076,600005,CIITA
P33240,300907,CSTF2
P33261,124020,CYP2C19
P33316,601266,DUT
P33527,158343,ABCC1
P33897,300371,ABCD1
P33947,609024,KDELR2
P33991,602638,MCM4
P33992,602696,MCM5
P34059,612222,GALNS
P34130,162662,NTF4
P34897,138450,SHMT2
P34903,305660,GABRA3
P34949,154550,MPI
P34981,188545,TRHR
P35218,114761,CA5A
P35219,114815,CA8
P35221,116805,CTNNA1
P35222,116806,CTNNB1
P35225,147683,IL13
P35227,600346,PCGF2
P35228,163730,NOS2
P35237,173321,SERPINB6
P35240,607379,NF2
P35241,179410,RDX
P35250,600404,RFC2
P35251,102579,RFC1
P35270,182125,SPR
P35398,600825,RORA
P35442,188061,THBS2
P35453,142989,HOXD13
P35462,126451,DRD3
P35475,252800,IDUA
P35498,182389,SCN1A
P35499,603967,SCN4A
P35520,613381,CBS
P35523,118425,CLCN1
P35527,607606,KRT9
P35548,123101,MSX2
P35555,134797,FBN1
P35556,612570,FBN2
P35557,138079,GCK
P35558,614168,PCK1
P35568,147545,IRS1
P35573,610860,AGL
P35575,613742,G6PC1
P35579,160775,MYH9
P35590,600222,TIE1
P35606,606990,COPB2
P35609,102573,ACTN2
P35613,109480,BSG
P35625,188826,TIMP3
P35637,137070,FUS
P35638,126337,DDIT3
P35658,114350,NUP214
P35670,606882,ATP7B
P35680,189907,HNF1B
P35711,604975,SOX5
P35712,607257,SOX6
P35713,601618,SOX18
P35716,600898,SOX11
P35749,160745,MYH11
P35790,118491,CHKA
P35858,601489,IGFALS
P35869,600253,AHR
P35908,600194,KRT2
P35913,180072,PDE6B
P35914,613898,HMGCL
P35916,136352,FLT4
P35968,191306,KDR
P36021,300095,SLC16A2
P36222,601525,CHI3L1
P36382,121013,GJA5
P36404,601175,ARL2
P36405,604695,ARL3
P36507,601263,MAP2K2
P36543,108746,ATP6V1E1
P36551,612732,CPOX
P36575,301770,ARR3
P36776,605490,LONP1
P36871,171900,PGM1
P36888,136351,FLT3
P36894,601299,BMPR1A
P36897,190181,TGFBR1
P36955,172860,SERPINF1
P36956,184756,SREBF1
P36957,126063,DLST
P36969,138322,GPX4
P37023,601284,ACVRL1
P37058,605573,HSD17B3
P37088,600228,SCNN1A
P37173,190182,TGFBR2
P37198,605815,NUP62
P37231,601487,PPARG
P37268,184420,FDFT1
P37275,189909,ZEB1
P37287,311770,PIGA
P37837,602063,TALDO1
P37840,163890,SNCA
P38117,130410,ETFB
P38159,300199,RBMX
P38398,113705,BRCA1
P38405,139312,GNAL
P38435,137167,GGCX
P38484,147569,IFNGR2
P38571,613497,LIPA
P38606,607027,ATP6V1A
P38646,600548,HSPA9
P38919,608546,EIF4A3
P38935,600502,IGHMBP2
P39019,603474,RPS19
P39060,120328,COL18A1
P39210,137960,MPV17
P39656,602202,DDOST
P39877,601192,PLA2G5
P39880,116896,CUX1
P39905,600837,GDNF
P40123,618385,CAP2
P40126,191275,DCT
P40189,600694,IL6ST
P40200,606037,CD96
P40225,600044,THPO
P40238,159530,MPL
P40259,147245,CD79B
P40306,176847,PSMB10
P40337,608537,VHL
P40424,176310,PBX1
P40692,120436,MLH1
P40763,102582,STAT3
P40818,603158,USP8
P40855,600279,PEX19
P40879,126650,SLC26A3
P40925,154200,MDH1
P40926,154100,MDH2
P40939,600890,HADHA
P41002,600227,CCNF
P41091,300161,EIF2S3
P41159,164160,LEP
P41180,601199,CASR
P41181,107777,AQP2
P41212,600618,ETV6
P41219,170710,PRPH
P41221,164975,WNT5A
P41225,313430,SOX3
P41227,300013,NAA10
P41229,314690,KDM5C
P41235,600281,HNF4A
P41250,600287,GARS1
P41252,600709,IARS1
P41440,600424,SLC19A1
P41597,601267,CCR2
P41732,300096,TSPAN7
P41968,155540,MC3R
P42127,600201,ASIP
P42224,600555,STAT1
P42226,601512,STAT6
P42261,138248,GRIA1
P42262,138247,GRIA2
P42263,305915,GRIA3
P42336,171834,PIK3CA
P42345,601231,MTOR
P42356,600286,PI4KA
P42575,600639,CASP2
P42658,126141,DPP6
P42677,603702,RPS27
P42695,609276,NCAPD3
P42701,601604,IL12RB1
P42702,151443,LIFR
P42704,607544,LRPPRC
P42766,618315,RPL35
P42768,300392,WAS
P42771,600160,CDKN2A
P42858,613004,HTT
P42892,600423,ECE1
P42898,607093,MTHFR
P43003,600111,SLC1A3
P43004,600300,SLC1A2
P43005,133550,SLC1A1
P43007,600229,SLC1A4
P43026,601146,GDF5
P43034,601545,PAFAH1B1
P43080,600364,GUCA1A
P43146,120470,DCC
P43155,600184,CRAT
P43235,601105,CTSK
P43243,164015,MATR3
P43246,609309,MSH2
P43251,609019,BTD
P43320,123620,CRYBB2
P43354,601828,NR4A2
P43403,176947,ZAP70
P43405,600085,SYK
P43489,600315,TNFRSF4
P43657,609239,LPAR6
P43681,118504,CHRNA4
P43694,600576,GATA4
P43699,600635,NKX2-1
P43897,604723,TSFM
P45378,600692,TNNT3
P45379,191045,TNNT2
P45381,608034,ASPA
P45452,600108,MMP13
P45954,600301,ACADSB
P46019,300798,PHKA2
P46020,311870,PHKA1
P46063,600537,RECQL
P46100,300032,ATRX
P46459,601633,NSF
P46527,600778,CDKN1B
P46531,190198,NOTCH1
P46777,603634,RPL5
P46778,603636,RPL21
P46783,603632,RPS10
P46821,157129,MAP1B
P46937,606608,YAP1
P46952,604521,HAAO
P46976,603942,GYG1
P46977,601134,STT3A
P47712,600522,PLA2G4A
P47804,600342,RGR
P47869,137140,GABRA2
P47870,600232,GABRB2
P47871,138033,GCGR
P47895,600463,ALDH1A3
P47897,603727,QARS1
P47974,612053,ZFP36L2
P47985,191327,UQCRFS1
P47989,607633,XDH
P48023,134638,FASLG
P48029,300036,SLC6A8
P48047,600828,ATP5PO
P48048,600359,KCNJ1
P48051,600877,KCNJ6
P48058,138246,GRIA4
P48067,601019,SLC6A9
P48165,600897,GJA8
P48167,138492,GLRB
P48200,147582,IREB2
P48201,602736,ATP5MC3
P48357,601007,LEPR
P48382,601863,RFX5
P48431,184429,SOX2
P48436,608160,SOX9
P48444,600820,ARCN1
P48449,600909,LSS
P48506,606857,GCLC
P48509,602243,CD151
P48544,600734,KCNJ5
P48547,176258,KCNC1
P48551,602376,IFNAR2
P48552,602490,NRIP1
P48553,602103,TRAPPC10
P48637,601002,GSS
P48643,610150,CCT5
P48651,612792,PTDSS1
P48668,612315,KRT6C
P48728,238310,AMT
P48730,600864,CSNK1D
P48735,147650,IDH2
P48736,601232,PIK3CG
P48740,600521,MASP1
P48751,106195,SLC4A3
P48764,182307,SLC9A3
P48775,191070,TDO2
P48788,191043,TNNI2
P49069,601118,CAMLG
P49238,601470,CX3CR1
P49247,180430,RPIA
P49257,601567,LMAN1
P49279,600266,SLC11A1
P49281,600523,SLC11A2
P49335,300039,POU3F4
P49336,603184,CDK8
P49366,600944,DHPS
P49411,602389,TUFM
P49419,107323,ALDH7A1
P49447,600019,CYB561
P49454,600236,CENPF
P49459,312180,UBE2A
P49585,123695,PCYT1A
P49588,601065,AARS1
P49589,123859,CARS1
P49590,600783,HARS2
P49591,607529,SARS1
P49638,600415,TTPA
P49639,142955,HOXA1
P49642,176635,PRIM1
P49675,600617,STAR
P49711,604167,CTCF
P49715,116897,CEBPA
P49736,116945,MCM2
P49747,600310,COMP
P49748,609575,ACADVL
P49754,605485,VPS41
P49767,601528,VEGFC
P49768,104311,PSEN1
P49770,606454,EIF2B2
P49773,601314,HINT1
P49792,601181,RANBP2
P49798,602516,RGS4
P49810,600759,PSEN2
P49815,191092,TSC2
P49821,161015,NDUFV1
P49848,602955,TAF6
P49895,147892,DIO1
P49902,600417,NT5C2
P49914,604197,MTHFS
P49916,600940,LIG3
P49917,601837,LIG4
P49918,600856,CDKN1C
P49959,600814,MRE11
P49961,601752,ENTPD1
P50053,614058,KHK
P50135,605238,HNMT
P50148,600998,GNAQ
P50213,601149,IDH3A
P50219,142994,MNX1
P50221,600147,MEOX1
P50281,600754,MMP14
P50336,600923,PPOX
P50402,300384,EMD
P50416,600528,CPT1A
P50440,602360,GATM
P50443,606718,SLC26A2
P50452,601697,SERPINB8
P50454,600943,SERPINH1
P50461,600824,CSRP3
P50539,600020,MXI1
P50542,600414,PEX5
P50548,611888,ERF
P50549,600541,ETV1
P50570,602378,DNM2
P50583,602852,NUDT2
P50607,601197,TUB
P50747,609018,HLCS
P50851,606453,LRBA
P50895,612773,BCAM
P50897,600722,PPT1
P50993,182340,ATP1A2
P50995,602572,ANXA11
P51114,600819,FXR1
P51149,602298,RAB7A
P51157,612994,RAB28
P51159,603868,RAB27A
P51160,600827,PDE6C
P51168,600760,SCNN1B
P51170,600761,SCNN1G
P51178,602142,PLCD1
P51449,602943,RORC
P51451,191305,BLK
P51460,146738,INSL3
P51530,601810,DNA2
P51531,600014,SMARCA2
P51532,603254,SMARCA4
P51570,604313,GALK1
P51571,300090,SSR4
P51572,300398,BCAP31
P51580,187680,TPMT
P51587,600185,BRCA2
P51608,300005,MECP2
P51610,300019,HCFC1
P51648,609523,ALDH3A2
P51649,610045,ALDH5A1
P51654,300037,GPC3
P51659,601860,HSD17B4
P51681,601373,CCR5
P51687,606887,SUOX
P51688,605270,SGSH
P51690,300180,ARSL
P51692,604260,STAT5B
P51787,607542,KCNQ1
P51788,600570,CLCN2
P51790,600580,CLCN3
P51793,302910,CLCN4
P51795,300008,CLCN5
P51797,602726,CLCN6
P51798,602727,CLCN7
P51800,602024,CLCNKA
P51801,602023,CLCNKB
P51810,300808,GPR143
P51811,314850,XK
P51812,300075,RPS6KA3
P51816,300806,AFF2
P51826,601464,AFF3
P51843,300473,NR0B1
P51857,604741,AKR1D1
P51955,604043,NEK2
P51970,603359,NDUFA8
P51993,136836,FUT6
P52306,179502,RAP1GDS1
P52333,600173,JAK3
P52429,601440,DGKE
P52565,601925,ARHGDIA
P52630,600556,STAT2
P52701,600678,MSH6
P52732,148760,KIF11
P52788,300105,SMS
P52815,602375,MRPL12
P52848,600853,NDST1
P52895,600450,AKR1C2
P52926,600698,HMGA2
P52945,600733,PDX1
P52952,600584,NKX2-5
P52954,604255,LBX1
P53004,109750,BLVRA
P53007,190315,SLC25A1
P53420,120131,COL4A4
P53597,611224,SUCLG1
P53602,603236,MVD
P53618,600959,COPB1
P53621,601924,COPA
P53634,602365,CTSC
P53672,600836,CRYBA2
P53673,123631,CRYBA4
P53674,600929,CRYBB1
P53680,602242,AP2S1
P53701,300056,HCCS
P53708,604063,ITGA8
P53816,613867,PLAAT3
P53985,600682,SLC16A1
P54098,174763,POLG
P54132,604610,BLM
P54136,107820,RARS1
P54252,607047,ATXN3
P54253,601556,ATXN1
P54259,607462,ATN1
P54278,600259,PMS2
P54289,114204,CACNA2D1
P54577,603623,YARS1
P54710,601814,FXYD2
P54760,600011,EPHB4
P54802,609701,NAGLU
P54803,606890,GALC
P54819,103020,AK2
P54821,167420,PRRX1
P54840,138571,GYS2
P54845,162080,NRL
P54851,602334,EMP2
P54868,600234,HMGCS2
P54886,138250,ALDH18A1
P55000,606119,SLURP1
P55011,600840,SLC12A2
P55017,600968,SLC12A3
P55064,600442,AQP5
P55072,601023,VCP
P55075,600483,FGF8
P55084,143450,HADHB
P55087,600308,AQP4
P55145,601916,MANF
P55157,157147,MTTP
P55160,141180,NCKAP1L
P55201,602410,BRPF1
P55263,102750,ADK
P55265,146920,ADAR
P55268,150325,LAMB2
P55287,600023,CDH11
P55291,114019,CDH15
P55316,164874,FOXG1
P55344,154045,LIM2
P55771,167416,PAX9
P55789,600924,GFER
P55795,300610,HNRNPH2
P55809,601424,OXCT1
P55851,601693,UCP2
P55895,179616,RAG2
P55916,602044,UCP3
P56159,601496,GFRA1
P56178,600028,DLX5
P56192,156560,MARS1
P56377,300629,AP1S2
P56381,606153,ATP5F1E
P56524,605314,HDAC4
P56539,601253,CAV3
P56556,602138,NDUFA6
P56589,603164,PEX3
P56597,603575,NME5
P56645,603427,PER3
P56693,602229,SOX10
P56696,603537,KCNQ4
P56703,165330,WNT3
P56705,603490,WNT4
P56715,603937,RP1
P56730,606709,PRSS12
P56915,138890,GSC
P57054,605938,PIGP
P57059,605705,SIK1
P57076,615494,CFAP298
P57078,605706,RIPK4
P57081,605924,WDR4
P57082,601719,TBX4
P57087,606870,JAM2
P57678,606969,GEMIN4
P57679,604831,EVC
P57727,605511,TMPRSS3
P57739,300520,CLDN2
P57740,607617,NUP107
P57796,608965,CABP4
P58012,605597,FOXL2
P58215,607163,LOXL3
P58304,142993,VSX2
P58335,608041,ANTXR2
P58418,606397,CLRN1
P58743,604943,SLC26A5
P58753,606252,TIRAP
P59046,609648,NLRP12
P59047,609658,NLRP5
P59103,607408,DAOA
P59773,620215,MINAR2
P59910,610263,DNAJB13
P59998,604226,ARPC4
P60033,186845,CD81
P60174,190450,TPI1
P60201,300401,PLP1
P60484,601728,PTEN
P60709,102630,ACTB
P60763,602050,RAC3
P60852,195000,ZP1
P60880,600322,SNAP25
P60891,311850,PRPS1
P60953,116952,CDC42
P61011,604857,SRP54
P61073,162643,CXCR4
P61224,179530,RAP1B
P61244,154950,MAX
P61254,603704,RPL26
P61266,601485,STX1B
P61313,604174,RPL15
P61328,601513,FGF12
P61353,607526,RPL27
P61457,126090,PCBD1
P61586,165390,RHOA
P61599,610833,NAA20
P61619,609213,SEC61A1
P61626,153450,LYZ
P61764,602926,STXBP1
P61769,109700,B2M
P61812,190220,TGFB2
P61916,601015,NPC2
P61960,610553,UFM1
P61966,603531,AP1S1
P61978,600712,HNRNPK
P61981,605356,YWHAG
P62070,600098,RRAS2
P62081,603658,RPS7
P62140,600590,PPP1CB
P62191,602706,PSMC1
P62244,603674,RPS15A
P62266,603683,RPS23
P62273,603633,RPS29
P62304,128260,SNRPE
P62633,116955,CNBP
P62736,102620,ACTA2
P62805,615069,H4C16
P62847,602412,RPS24
P62854,603701,RPS26
P62857,603685,RPS28
P62873,139380,GNB1
P62879,139390,GNB2
P62913,604175,RPL11
P63000,602048,RAC1
P63027,185881,VAMP2
P63092,139320,GNAS
P63096,139310,GNAI1
P63165,601912,SUMO1
P63241,600187,EIF5A
P63252,600681,KCNJ2
P63261,102560,ACTG1
P63267,102545,ACTG2
P63316,191040,TNNC1
P67775,176915,PPP2CA
P67870,115441,CSNK2B
P67936,600317,TPM4
P68032,102540,ACTC1
P68133,102610,ACTA1
P68366,191110,TUBA4A
P68371,602660,TUBB4B
P68400,115440,CSNK2A1
P68431,602819,H3C2
P68871,141900,HBB
P69892,142250,HBG2
P69905,141860,
P78314,602104,SH3BP2
P78318,300139,IGBP1
P78329,604426,CYP4F2
P78330,172480,PSPH
P78337,602149,PITX1
P78352,602887,DLG4
P78357,602346,CNTNAP1
P78363,601691,ABCA4
P78364,602978,PHC1
P78367,602183,NKX3-2
P78369,617579,CLDN10
P78381,314375,SLC35A2
P78382,605634,SLC35A1
P78385,602765,KRT83
P78386,602767,KRT85
P78411,606195,IRX5
P78424,609062,POU6F2
P78504,601920,JAG1
P78508,602208,KCNJ10
P78509,600514,RELN
P78527,600899,PRKDC
P78536,603639,ADAM17
P78549,602656,NTHL1
P78560,603454,CRADD
P78562,300550,PHEX
P78563,601218,ADARB1
P80365,614232,HSD11B2
P80404,137150,ABAT
P81172,606464,HAMP
P81274,609245,GPSM2
P82251,604144,SLC7A9
P82279,604210,CRB1
P82650,605810,MRPS22
P82930,611994,MRPS34
P83369,617910,LSM11
P83436,606978,COG7
P83876,611595,TXNL4A
P84022,603109,SMAD3
P84074,142622,HPCA
P84077,103180,ARF1
P84243,601128,H3-3A
P84996,139320,GNAS
P98073,606635,TMPRSS15
P98155,192977,VLDLR
P98160,142461,HSPG2
P98161,601313,PKD1
P98164,600073,LRP2
P98170,300079,XIAP
P98172,300035,EFNB1
P98174,300546,FGD1
P98175,300080,RBM10
P98194,604384,ATP2C1
P98196,605868,ATP11A
P99999,123970,CYCS
Q00005,604325,PPP2R2B
Q00059,600438,TFAM
Q00266,610550,MAT1A
Q00325,600370,SLC25A3
Q00534,603368,CDK6
Q00535,123831,CDK5
Q00577,600473,PURA
Q00597,613899,FANCC
Q00604,300658,NDP
Q00610,118955,CLTC
Q00653,164012,NFKB2
Q00796,182500,SORD
Q00839,602869,HNRNPU
Q00872,160794,MYBPC1
Q00973,601873,B4GALNT1
Q00975,601012,CACNA1B
Q00978,147574,IRF9
Q00987,164785,MDM2
Q00LT1,610598,PRCD
Q01081,191317,U2AF1
Q01082,182790,SPTBN1
Q01105,600960,SET
Q01196,151385,RUNX1
Q01201,604758,RELB
Q01432,102772,AMPD3
Q01433,102771,AMPD2
Q01453,601097,PMP22
Q01484,106410,ANK2
Q01543,193067,FLI1
Q01628,605579,IFITM3
Q01668,114206,CACNA1D
Q01718,607397,MC2R
Q01726,155555,MC1R
Q01814,108733,ATP2B2
Q01826,602075,SATB1
Q01831,613208,XPC
Q01844,133450,EWSR1
Q01851,601632,POU4F1
Q01954,601930,BNC1
Q01955,120070,COL4A3
Q01959,126455,SLC6A3
Q01968,300535,OCRL
Q01970,600230,PLCB3
Q01973,602336,ROR1
Q01974,602337,ROR2
Q02078,600660,MEF2A
Q02094,180297,RHAG
Q02108,139396,GUCY1A1
Q02127,126064,DHODH
Q02161,111680,RHD
Q02224,117143,CENPE
Q02241,605064,KIF23
Q02246,190197,CNTN2
Q02252,603178,ALDH6A1
Q02318,606530,CYP27A1
Q02388,120120,COL7A1
Q02413,125670,DSG1
Q02487,125645,DSC2
Q02548,167414,PAX5
Q02556,601565,IRF8
Q02577,162361,NHLH2
Q02643,139191,GHRHR
Q02750,176872,MAP2K1
Q02763,600221,TEK
Q02809,153454,PLOD1
Q02846,600179,GUCY2D
Q02880,126431,TOP2B
Q02962,167409,PAX2
Q02978,604165,SLC25A11
Q02985,605336,CFHR3
Q03001,113810,DST
Q03112,600049,
Q03135,601047,CAV1
Q03154,104620,ACY1
Q03164,159555,KMT2A
Q03252,150341,LMNB2
Q03393,612719,PTS
Q03395,180721,ROM1
Q03426,251170,MVK
Q03431,168468,PTH1R
Q03468,609413,ERCC6
Q03518,170260,TAP1
Q03519,170261,TAP2
Q03591,134371,CFHR1
Q03692,120110,COL10A1
Q04206,164014,RELA
Q04446,607839,GBE1
Q04637,600495,EIF4G1
Q04656,300011,ATP7A
Q04671,611409,OCA2
Q04695,148069,KRT17
Q04721,600275,NOTCH2
Q04743,600035,EMX2
Q04771,102576,ACVR1
Q04837,600439,SSBP1
Q04844,100725,CHRNE
Q04864,164910,REL
Q04900,603356,CD164
Q04912,600168,MST1R
Q05066,480000,SRY
Q05086,601623,UBE3A
Q05193,602377,DNM1
Q05469,151750,LIPE
Q05586,138249,GRIN1
Q05639,602959,EEF1A2
Q05655,176977,PRKCD
Q05823,180435,RNASEL
Q05925,131290,EN1
Q05940,193001,SLC18A2
Q05996,182888,ZP2
Q06124,176876,PTPN11
Q06136,136440,KDSR
Q06187,300300,BTK
Q06210,138292,GFPT1
Q06265,606180,EXOSC9
Q06330,147183,RBPJ
Q06413,600662,MEF2C
Q06495,182309,SLC34A1
Q06609,179617,RAD51
Q06710,167415,PAX8
Q06787,309550,FMR1
Q06945,184430,SOX4
Q07001,100720,CHRND
Q07011,602250,TNFRSF9
Q07020,604179,RPL18
Q07021,601269,C1QBP
Q07283,190370,TCHH
Q07326,600153,PIGF
Q07617,603395,SPAG1
Q07699,600235,SCN1B
Q07837,104614,SLC3A1
Q07864,174762,POLE
Q07889,182530,SOS1
Q07890,601247,SOS2
Q07954,107770,LRP1
Q07955,600812,SRSF1
Q07973,126065,CYP24A1
Q08043,102574,ACTN3
Q08188,600238,TGM3
Q08209,114105,PPP3CA
Q08289,600003,CACNB2
Q08334,123889,IL10RB
Q08357,158378,SLC20A2
Q08379,602580,GOLGA2
Q08397,153456,LOXL1
Q08426,607037,EHHADH
Q08499,600129,PDE4D
Q08828,103072,ADCY1
Q08881,186973,ITK
Q08999,180203,RBL2
Q08AM6,604632,VAC14
Q08J23,610916,NSUN2
Q09013,605377,DMPK
Q09428,600509,ABCC8
Q09470,176260,KCNA1
Q09472,602700,EP300
Q0D2K0,609383,NIPAL4
Q0GE19,611459,SLC10A7
Q0IIM8,301027,TBC1D8B
Q0VAK6,616112,LMOD3
Q0VF96,607856,CGNL1
Q0VG99,605195,MESP2
Q0ZGT2,613121,NEXN
Q0ZLH3,610219,PJVK
Q10469,602616,MGAT2
Q10471,602274,GALNT2
Q10567,600157,AP1B1
Q10570,606027,CPSF1
Q10571,156100,MN1
Q10713,613036,PMPCA
Q10981,182100,FUT2
Q11203,606494,ST3GAL3
Q12756,601255,KIF1A
Q12767,618163,TMEM94
Q12768,610657,WASHC5
Q12769,607614,NUP160
Q12778,136533,FOXO1
Q12791,600150,KCNMA1
Q12794,607071,HYAL1
Q12797,600582,ASPH
Q12805,601548,EFEMP1
Q12809,152427,KCNH2
Q12824,601607,SMARCB1
Q12830,601819,BPTF
Q12834,603618,CDC20
Q12840,602821,KIF5A
Q12846,186591,STX4
Q12857,600727,NFIA
Q12860,600016,CNTN1
Q12866,604705,MERTK
Q12873,602120,CHD3
Q12879,138253,GRIN2A
Q12882,612779,DPYD
Q12887,602125,COX10
Q12904,603605,AIMP1
Q12908,601295,SLC10A2
Q12913,600925,PTPRJ
Q12929,600206,EPS8
Q12934,603307,BFSP1
Q12946,601089,FOXF1
Q12948,601090,FOXC1
Q12952,603252,FOXL1
Q12955,600465,ANK3
Q12965,601479,MYO1E
Q12980,600928,NPRL3
Q13002,138244,GRIK2
Q13009,600687,TIAM1
Q13043,604965,STK4
Q13045,600362,FLII
Q13049,602290,TRIM32
Q13057,609855,COASY
Q13061,603283,TRDN
Q13064,603856,MKRN3
Q13085,200350,ACACA
Q13093,601690,PLA2G7
Q13094,601603,LCP2
Q13114,601896,TRAF3
Q13117,400026,DAZ2
Q13126,156540,MTAP
Q13127,600571,REST
Q13144,603945,EIF2B5
Q13148,605078,TARDBP
Q13153,602590,PAK1
Q13155,600859,AIMP2
Q13158,602457,FADD
Q13177,605022,PAK2
Q13190,603189,STX5
Q13191,604491,CBLB
Q13207,600747,TBX2
Q13216,609412,ERCC8
Q13217,601184,DNAJC3
Q13224,138252,GRIN2B
Q13228,604188,SELENBP1
Q13231,600031,CHIT1
Q13233,600982,MAP3K1
Q13237,601591,PRKG2
Q13253,602991,NOG
Q13255,604473,GRM1
Q13258,604687,PTGDR
Q13277,600876,STX3
Q13285,184757,NR5A1
Q13286,607042,CLN3
Q13315,607585,ATM
Q13316,600980,DMP1
Q13326,608896,SGCG
Q13336,613868,SLC14A1
Q13351,600599,KLF1
Q13361,601103,MFAP5
Q13363,602618,CTBP1
Q13367,602166,AP3B2
Q13393,602382,PLD1
Q13394,601280,MAB21L1
Q13402,276903,MYO7A
Q13409,603331,DYNC1I2
Q13415,601902,ORC1
Q13422,603023,IKZF1
Q13423,607878,NNT
Q13424,601017,SNTA1
Q13426,194363,XRCC4
Q13428,606847,TCOF1
Q13432,604011,UNC119
Q13435,605591,SF3B2
Q13443,602713,ADAM9
Q13454,601385,TUSC3
Q13459,602129,MYO9B
Q13461,601094,FOXE3
Q13467,601723,FZD5
Q13469,600490,NFATC2
Q13472,601243,TOP3A
Q13480,604439,GAB1
Q13485,600993,SMAD4
Q13488,604592,TCIRG1
Q13495,300120,MAMLD1
Q13496,300415,MTM1
Q13501,601530,SQSTM1
Q13507,602345,TRPC3
Q13509,602661,TUBB3
Q13510,613468,ASAH1
Q13515,603212,BFSP2
Q13535,601215,ATR
Q13546,603453,RIPK1
Q13554,607707,CAMK2B
Q13555,602123,CAMK2G
Q13562,601724,NEUROD1
Q13563,173910,PKD2
Q13564,603385,NAE1
Q13568,607218,IRF5
Q13586,605921,STIM1
Q13588,604330,GRAP
Q13608,601498,PEX6
Q13609,602244,DNASE1L3
Q13614,603557,MTMR2
Q13618,603136,CUL3
Q13620,300304,CUL4B
Q13621,600839,SLC12A1
Q13627,600855,DYRK1A
Q13635,601309,PTCH1
Q13642,300163,FHL1
Q13651,146933,IL10RA
Q13683,600536,ITGA7
Q13698,114208,CACNA1S
Q13702,601592,RAPSN
Q13705,602730,ACVR2B
Q13724,601336,MOGS
Q13751,150310,LAMB3
Q13753,150292,LAMC2
Q13813,182810,SPTAN1
Q13825,600529,AUH
Q13835,601975,PKP1
Q13868,602238,EXOSC2
Q13873,600799,BMPR2
Q13885,615101,TUBB2A
Q13936,114205,CACNA1C
Q13950,600211,RUNX2
Q13951,121360,CBFB
Q13956,601190,PDE6H
Q13976,176894,PRKG1
Q14003,176264,KCNC3
Q14004,603309,CDK13
Q14028,600724,CNGB1
Q14031,303631,COL4A6
Q14032,602938,BAAT
Q14050,120270,COL9A3
Q14055,120260,COL9A2
Q14108,602257,SCARB2
Q14114,602600,LRP8
Q14117,613326,DPYS
Q14118,128239,DAG1
Q14119,606747,VEZF1
Q14123,602987,PDE1C
Q14126,125671,DSG2
Q14139,603753,UBE4A
Q14157,616472,UBAP2L
Q14159,615384,SPIDR
Q14160,607733,SCRIB
Q14191,604611,WRN
Q14202,300061,ZMYM3
Q14203,601143,DCTN1
Q14204,600112,DYNC1H1
Q14232,606686,EIF2B1
Q14240,601102,EIF4A2
Q14315,102565,FLNC
Q14320,300453,FAM50A
Q14331,601278,FRG1
Q14332,600667,FZD2
Q14353,601240,GAMT
Q14376,606953,GALE
Q14392,137207,LRRC32
Q14397,600842,GCKR
Q14432,123805,PDE3A
Q14435,601756,GALNT3
Q14442,600154,PIGH
Q14444,601178,CAPRIN1
Q14520,603924,HABP2
Q14524,600163,SCN5A
Q14533,602153,KRT81
Q14563,603961,SEMA3A
Q14566,601806,MCM6
Q14571,600144,ITPR2
Q14573,147267,ITPR3
Q14574,600271,DSC3
Q14623,600726,IHH
Q14626,600939,IL11RA
Q14643,147265,ITPR1
Q14651,602734,PLS1
Q14653,603734,IRF3
Q14654,600937,KCNJ11
Q14657,300060,LAGE3
Q14669,604506,TRIP12
Q14671,607204,PUM1
Q14678,607704,KANK1
Q14683,300040,SMC1A
Q14691,610608,GINS1
Q14692,611448,BMS1
Q14693,605518,LPIN1
Q14696,607783,MESD
Q14697,104160,GANAB
Q14703,603355,MBTPS1
Q14721,600397,KCNB1
Q14738,601646,PPP2R5D
Q14739,600024,LBR
Q14746,606974,COG2
Q14749,606628,GNMT
Q14765,600558,STAT4
Q14766,150390,LTBP1
Q14767,602091,LTBP2
Q14773,614088,ICAM4
Q14781,602770,CBX2
Q14790,601763,CASP8
Q14807,603213,KIF22
Q14831,604101,GRM7
Q14839,603277,CHD4
Q14865,608538,ARID5B
Q14894,123740,CRYM
Q14896,600958,MYBPC3
Q14938,164005,NFIX
Q14956,604368,GPNMB
Q14973,182396,SLC10A1
Q14982,600632,OPCML
Q14999,609577,CUL7
Q14CM0,300838,FRMPD4
Q14CZ8,611642,HEPACAM
Q15003,602332,NCAPH
Q15021,615638,NCAPD2
Q15022,606245,SUZ12
Q15029,603892,EFTUD2
Q15031,604544,LARS2
Q15041,607669,ARL6IP1
Q15042,602536,RAB3GAP1
Q15043,608736,SLC39A14
Q15046,601421,KARS1
Q15049,605908,MLC1
Q15051,609237,IQCB1
Q15058,611279,KIF14
Q15067,609751,ACOX1
Q15080,601488,NCF4
Q15116,600244,PDCD1
Q15120,300906,PDK3
Q15125,300205,EBP
Q15126,607622,PMVK
Q15131,603464,CDK10
Q15139,605435,PRKD1
Q15147,600810,PLCB4
Q15149,601282,PLEC
Q15170,300237,TCEAL1
Q15223,600644,NECTIN1
Q15233,300084,NONO
Q15257,600756,PTPA
Q15303,600543,ERBB4
Q15306,601900,IRF4
Q15319,602460,POU4F3
Q15326,608668,ZMYND11
Q15386,614454,UBE3C
Q15389,601667,ANGPT1
Q15392,606418,DHCR24
Q15399,601194,TLR1
Q15413,180903,RYR3
Q15427,605593,SF3B4
Q15436,610511,SEC23A
Q15437,610512,SEC23B
Q15465,600725,SHH
Q15466,604630,NR0B2
Q15468,181590,STIL
Q15475,601205,SIX1
Q15477,600478,SKIC2
Q15517,602593,CDSN
Q15526,185620,SURF1
Q15543,600774,TAF13
Q15555,605789,MAPRE2
Q15582,601692,TGFBI
Q15583,602630,TGIF1
Q15643,604505,TRIP11
Q15645,604507,TRIP13
Q15649,604500,ZNHIT3
Q15650,604501,TRIP4
Q15669,602037,RHOH
Q15672,601622,TWIST1
Q15678,603155,PTPN14
Q15699,601527,ALX1
Q15726,603286,KISS1
Q15738,300275,NSDHL
Q15743,601404,GPR68
Q15744,600749,CEBPE
Q15746,600922,MYLK
Q15751,605109,HERC1
Q15772,615950,SPEG
Q15784,601725,NEUROD2
Q15796,601366,SMAD2
Q15800,607545,MSMO1
Q15813,604934,TBCE
Q15818,602367,NPTX1
Q15822,118502,CHRNA2
Q15828,601891,CST6
Q15831,602216,STK11
Q15833,601717,STXBP2
Q15835,180381,GRK1
Q15842,600935,KCNJ8
Q15848,605441,ADIPOQ
Q15858,603415,SCN9A
Q15878,601013,CACNA1E
Q15904,300197,ATP6AP1
Q15907,604198,RAB11B
Q15910,601573,EZH2
Q15911,104155,ZFHX3
Q15915,600470,ZIC1
Q15928,194648,ZNF141
Q16134,231675,ETFDH
Q16236,600492,NFE2L2
Q16270,602867,IGFBP7
Q16281,600053,CNGA3
Q16363,600133,LAMA4
Q16384,312820,SSX1
Q16394,608177,EXT1
Q16518,180069,RPE65
Q16526,601933,CRY1
Q16531,600045,DDB1
Q16558,603951,KCNMB1
Q16570,613665,ACKR1
Q16572,600336,SLC18A3
Q16585,600900,SGCB
Q16586,600119,SGCA
Q16595,606829,FXN
Q16602,114190,CALCRL
Q16610,602201,ECM1
Q16620,600456,NTRK2
Q16625,602876,OCLN
Q16635,300394,TAFAZZIN
Q16637,601627,SMN2
Q16643,126660,DBN1
Q16644,602130,MAPKAPK3
Q16647,601699,PTGIS
Q16650,604616,TBR1
Q16653,159465,MOG
Q16667,123832,CDKN3
Q16671,600956,AMHR2
Q16678,601771,CYP1B1
Q16698,222745,DECR1
Q16719,605197,KYNU
Q16720,300014,ATP2B3
Q16740,601119,CLPP
Q16787,600805,LAMA3
Q16795,603834,NDUFA9
Q16821,600917,PPP1R3A
Q16822,614095,PCK2
Q16827,600579,PTPRO
Q16828,602748,DUSP6
Q16832,191311,DDR2
Q16836,601609,HADH
Q16851,191760,UGP2
Q16854,601465,DGUOK
Q17R60,602870,IMPG1
Q18PE1,610285,DOK7
Q19AV6,614535,ZSWIM7
Q1HG44,612772,DUOXA2
Q1MSJ5,611654,CSPP1
Q27J81,610982,INF2
Q29980,602436,MICB
Q29983,600169,MICA
Q2I0M5,610573,RSPO4
Q2KHM9,617112,KIAA0753
Q2KHR2,612660,RFX7
Q2KHT3,611303,CLEC16A
Q2LD37,611565,BLTP1
Q2M1K9,604557,ZNF423
Q2M1P5,611254,KIF7
Q2M1Z3,610911,ARHGAP31
Q2M2Z5,615757,KIZ
Q2M385,610390,MPEG1
Q2M389,615748,WASHC4
Q2MKA7,609595,RSPO1
Q2MV58,609863,TCTN1
Q2NKJ3,613129,CTC1
Q2Q1W2,618570,TRIM71
Q2TAA5,613666,ALG11
Q2TAL8,617387,QRICH1
Q2TB90,617221,HKDC1
Q2TBA0,615340,KLHL40
Q2V2M9,609691,FHOD3
Q2VPK5,617057,CTU2
Q2WEN9,614591,CEACAM16
Q2YD98,614632,UVSSA
Q30201,613609,HFE
Q32MQ0,610226,ZNF750
Q32P28,610339,P3H1
Q32P41,611023,TRMT5
Q330K2,612392,NDUFAF6
Q38SD2,610986,LRRK1
Q3B820,613596,FAM161A
Q3KP66,618051,INAVA
Q3LXA3,615844,TKFC
Q3MUY2,610662,PIGY
Q3SXY7,615004,LRIT3
Q3SXY8,608922,ARL13B
Q3SY56,608613,SP6
Q3SY84,608245,KRT71
Q3SYG4,607968,BBS9
Q3T906,607840,GNPTAB
Q3V6T2,609736,CCDC88A
Q3ZAQ7,300913,VMA21
Q3ZCM7,616768,TUBB8
Q3ZCQ8,607381,TIMM50
Q495C1,612041,RNF212
Q495M3,608331,SLC36A2
Q495M9,607696,USH1G
Q49MI3,608381,CERKL
Q4AC94,615944,C2CD3
Q4ADV7,610354,RIC1
Q4FZB7,610881,KMT5B
Q4G0J3,612026,LARP7
Q4G0N4,615787,NADK2
Q4G0P3,610812,HYDIN
Q4G0X9,613799,CCDC40
Q4G163,609110,FBXO43
Q4G176,614245,ACSF3
Q4J6C6,609557,PREPL
Q4KMG0,608707,CDON
Q4KMQ1,613354,TPRN
Q4KMQ2,608663,ANO6
Q4KWH8,612835,PLCH1
Q4LDG9,610062,DNAL1
Q502W6,614884,VWA3B
Q504Y2,614150,PKDCC
Q53EZ4,610000,CEP55
Q53FT3,614908,HIKESHI
Q53GD3,606107,SLC44A4
Q53GS7,603371,GLE1
Q53H12,610345,AGK
Q53R12,615404,TM4SF20
Q53RT3,611765,ASPRV1
Q53S33,613183,BOLA3
Q53TS8,619776,C2CD6
Q562E7,614218,WDR81
Q56A73,301113,SPIN4
Q56NI9,609353,ESCO2
Q587J8,611687,KHDC3L
Q58F21,602144,BRDT
Q59H18,613932,TNNI3K
Q5BJH7,619109,YIF1B
Q5BVD1,611956,C3orf52
Q5CZC0,615796,FSIP2
Q5D0E6,618904,DALRD3
Q5D862,616284,FLG2
Q5EBL4,614092,RILPL1
Q5F1R6,617048,DNAJC21
Q5FBB7,609168,SGO1
Q5H8A4,616918,PIGG
Q5H8C1,608944,FREM1
Q5H9F3,300688,BCORL1
Q5H9S7,612515,DCAF17
Q5HYA8,609884,TMEM67
Q5HYI8,618542,RABL3
Q5HYK3,616359,COQ5
Q5IJ48,609720,CRB2
Q5JPH6,612799,EARS2
Q5JRA6,613455,MIA3
Q5JRX3,618211,PITRM1
Q5JSL3,300681,DOCK11
Q5JTC6,300647,AMER1
Q5JTJ3,614772,COA6
Q5JTV8,614512,TOR1AIP1
Q5JTW2,617110,CEP78
Q5JTZ9,612035,AARS2
Q5JU85,300522,IQSEC2
Q5JUK2,610224,SOHLH1
Q5JUK3,608167,KCNT1
Q5JVL4,608815,EFHC1
Q5JWF2,139320,GNAS
Q5JZY3,611123,EPHA10
Q5K651,610456,SAMD9
Q5MNZ6,609226,WDR45B
Q5NDL2,614789,EOGT
Q5NUL3,609044,FFAR4
Q5QGS0,300524,NEXMIF
Q5R372,609238,RABGAP1L
Q5RI15,614698,COX20
Q5S007,609007,LRRK2
Q5SQQ9,604294,VAX1
Q5SRE5,615587,NUP188
Q5ST30,612802,VARS2
Q5SW96,605747,LDLRAP1
Q5SWA1,613257,PPP1R15B
Q5SXM2,602777,SNAPC4
Q5SZK8,608945,FREM2
Q5SZL2,618865,CEP85L
Q5T011,615463,SZT2
Q5T0N1,618661,CFAP70
Q5T160,611524,RARS2
Q5T1H1,612424,EYS
Q5T1V6,615464,DDX59
Q5T2R2,607429,PDSS1
Q5T2S8,615408,ODAD2
Q5T3J3,615354,LRIF1
Q5T440,615316,IBA57
Q5T442,608803,GJC2
Q5T481,613171,RBM20
Q5T4D3,618203,TMTC4
Q5T4F4,610243,ZFYVE27
Q5T4S7,609890,UBR4
Q5T5Y3,613774,CAMSAP1
Q5T655,619129,CFAP58
Q5T7V8,607983,GORAB
Q5T890,615667,ERCC6L2
Q5T8D3,616618,ACBD5
Q5T9G4,620377,ARMC12
Q5T9L3,611514,WLS
Q5TA45,611354,INTS11
Q5TAB7,609891,RIPPLY2
Q5TAQ9,615820,DCAF8
Q5TAT6,120350,COL13A1
Q5TBB1,610326,RNASEH2B
Q5TC82,609424,RC3H1
Q5TCS8,615358,AK9
Q5TD94,612647,RSPH4A
Q5TEU4,612360,NDUFAF5
Q5TGY3,615790,AHDC1
Q5THJ4,608877,VPS13D
Q5TIA1,608797,MEI1
Q5U5X0,615831,LYRM7
Q5UCC4,614545,EMC10
Q5VIR6,615850,VPS53
Q5VST9,608616,OBSCN
Q5VTB9,616136,RNF220
Q5VTD9,604383,GFI1B
Q5VTY9,605743,HHAT
Q5VV42,611259,CDKAL1
Q5VV43,609269,KIAA0319
Q5VVJ2,612176,MYSM1
Q5VW36,614606,FOCAD
Q5VWK5,607562,IL23R
Q5VWP3,614106,MLIP
Q5VXI9,613924,LIPN
Q5VXU9,618038,SHOC1
Q5XKP0,616658,MICOS13
Q5XUX0,609102,FBXO31
Q5XXA6,610108,ANO1
Q63HN8,613768,RNF213
Q63ZY3,614610,KANK2
Q658P3,609671,STEAP3
Q66GS9,611423,CEP135
Q676U5,610767,ATG16L1
Q68CJ9,611998,CREB3L3
Q68CP4,610453,HGSNAT
Q68CP9,609539,ARID2
Q68CZ1,610937,RPGRIP1L
Q68DC2,615370,ANKS6
Q68DK2,612012,ZFYVE26
Q68DV7,612482,RNF43
Q695T7,608893,SLC6A19
Q69YQ0,614140,SPECC1L
Q6DD88,609369,ATL3
Q6DJT9,603026,PLAG1
Q6DKJ4,612895,NXN
Q6DKK2,613814,TTC19
Q6DN90,610166,IQSEC1
Q6EEV6,608829,SUMO4
Q6EMB2,612268,TTLL5
Q6F5E8,610859,CARMIL2
Q6FHJ7,606570,SFRP4
Q6GYQ0,608884,RALGAPA1
Q6HA08,608860,ASTL
Q6IA69,608285,NADSYN1
Q6IA86,616054,ELP2
Q6ICL3,616830,TANGO2
Q6IPM2,617631,IQCE
Q6IQ26,617278,DENND5A
Q6IQ55,611695,TTBK2
Q6ISB3,608576,GRHL2
Q6KC79,608667,NIPBL
Q6KF10,601147,GDF6
Q6MZM0,618455,HEPHL1
Q6N021,612839,TET2
Q6N022,610084,TENM4
Q6NSJ0,618255,MYORG
Q6NT55,611495,CYP4F22
Q6NUK1,608744,SLC25A24
Q6NUQ1,610089,RINT1
Q6NUS6,613847,TCTN3
Q6NUT2,613893,DPY19L2
Q6NVY1,610690,HIBCH
Q6NXG1,612959,ESRP1
Q6NXT6,612758,TAPT1
Q6NZI2,603198,CAVIN1
Q6NZY4,616381,ZCCHC8
Q6P1J9,607393,CDC73
Q6P1M0,604194,SLC27A4
Q6P1N0,610055,CC2D1A
Q6P1X5,604912,TAF2
Q6P2C8,605044,MED27
Q6P2H8,619722,TMEM53
Q6P2Q9,607300,PRPF8
Q6P3S1,613292,DENND1B
Q6P3W7,616365,SCYL2
Q6P4A7,615564,SFXN4
Q6P4F2,614585,FDX2
Q6P4I2,616144,WDR73
Q6P4Q7,607805,CNNM4
Q6P5Q4,608006,LMOD2
Q6P5W5,607059,SLC39A4
Q6P9F0,613481,CCDC62
Q6PCB0,611901,VWA1
Q6PCD5,614151,RFWD3
Q6PCE3,611610,PGM2L1
Q6PD74,614888,AAGAB
Q6PGP7,614589,SKIC3
Q6PHW0,612025,IYD
Q6PI26,613663,SHQ1
Q6PI48,610956,DARS2
Q6PIJ6,608533,FBXO38
Q6PJF5,614404,RHBDF2
Q6PJG6,614506,BRAT1
Q6PJT7,613279,ZC3H14
Q6PML9,604604,SLC30A9
Q6PRD1,614515,GPR179
Q6Q0C0,606692,TRAF7
Q6Q759,616554,SPAG17
Q6Q788,606368,APOA5
Q6QHK4,608697,FIGLA
Q6QNY0,609762,BLOC1S3
Q6RI45,300553,BRWD3
Q6SJ93,615584,FAM111B
Q6T4R5,300457,NHS
Q6TFL4,611295,KLHL24
Q6TGC4,610363,PADI6
Q6U841,605556,SLC4A10
Q6UB99,611192,ANKRD11
Q6UN15,607686,FIP1L1
Q6UVJ0,609321,SASS6
Q6UVM3,610044,KCNT2
Q6UW78,616097,UQCC3
Q6UWE0,610933,LRSAM1
Q6UWY0,610011,ARSK
Q6UWZ7,611143,ABRAXAS1
Q6UX04,617170,CWC27
Q6UX39,610912,AMTN
Q6UX40,616183,TMEM107
Q6UX65,613360,DRAM2
Q6UXH0,616223,ANGPTL8
Q6UXH8,612753,CCBE1
Q6UXX9,610575,RSPO2
Q6UY14,610113,ADAMTSL4
Q6V0I7,612411,FAT4
Q6V0L0,608428,CYP26C1
Q6VVB1,608072,NHLRC1
Q6VVX0,608713,CYP2R1
Q6VY07,607492,PACS1
Q6W2J9,300485,BCOR
Q6W5P4,608595,NPSR1
Q6X4W1,608137,NSMF
Q6XR72,611146,SLC30A10
Q6XUX3,612666,DSTYK
Q6XZF7,611282,DNMBP
Q6Y288,610308,B3GLCT
Q6Y7W6,612003,GIGYF2
Q6ZMH5,608730,SLC39A5
Q6ZMI0,618159,PPP1R21
Q6ZMI3,608603,GLDN
Q6ZMP0,614476,THSD4
Q6ZN30,608669,BNC2
Q6ZNJ1,614169,NBEAL2
Q6ZRI0,604487,OTOG
Q6ZRS2,611421,SRCAP
Q6ZRV2,611927,FAM83H
Q6ZSM3,611910,SLC16A12
Q6ZSZ5,616432,ARHGEF18
Q6ZSZ6,614427,TSHZ1
Q6ZTR5,301057,CFAP47
Q6ZU64,614270,CFAP65
Q6ZUT3,300628,FRMD7
Q6ZVD7,609397,STOX1
Q6ZVN8,608374,HJV
Q6ZW61,610683,BBS12
Q6ZWH5,618726,NEK10
Q6ZWL3,608614,CYP4V2
Q6ZXV5,617218,TMTC3
Q6ZYL4,608780,GTF2H5
Q709C8,608879,VPS13C
Q70EK8,617431,USP53
Q70EL2,618439,USP45
Q70HW3,611037,SLC25A26
Q70J99,608897,UNC13D
Q70YC4,607818,ZNF365
Q70Z53,608866,FRA10AC1
Q719H9,613420,KCTD1
Q71F56,608771,MED13L
Q71RS6,609802,SLC24A5
Q71SY5,610197,MED25
Q71U36,602529,TUBA1A
Q75QN2,611351,INTS8
Q75T13,611655,PGAP1
Q75V66,608662,ANO5
Q765P7,616951,MTSS2
Q76L83,612991,ASXL2
Q76LX8,604134,ADAMTS13
Q7KZN9,603646,COX15
Q7L0Y3,615423,TRMT10C
Q7L2E3,616423,DHX30
Q7L590,609357,MCM10
Q7L5A8,611026,FA2H
Q7L5D6,612056,GET4
Q7L5Y1,607427,ENOSF1
Q7L7X3,610266,TAOK1
Q7LBC6,609373,KDM3B
Q7LDG7,605577,RASGRP2
Q7LG56,604712,RRM2B
Q7LGA3,604844,HS2ST1
Q7LGC8,603799,CHST3
Q7RTN6,608626,STRADA
Q7RTP0,608145,NIPA1
Q7RTS3,607194,PTF1A
Q7RTS7,608248,KRT74
Q7RTS9,607461,DYM
Q7RTU4,615416,BHLHA9
Q7RTW8,607038,OTOA
Q7Z2E3,606350,APTX
Q7Z2Z2,617538,EFL1
Q7Z333,608465,SETX
Q7Z392,614138,TRAPPC11
Q7Z3B3,612452,KANSL1
Q7Z3B4,607607,NUP54
Q7Z3E5,617612,ARMC9
Q7Z3H4,620493,SAMD7
Q7Z3J2,618981,VPS35L
Q7Z3K3,614787,POGZ
Q7Z3S7,608171,CACNA2D4
Q7Z3Z0,616646,KRT25
Q7Z3Z2,180040,RD3
Q7Z403,605828,TMC6
Q7Z406,608568,MYH14
Q7Z412,608666,PEX26
Q7Z418,613655,KCNK18
Q7Z449,610670,CYP2U1
Q7Z494,608002,NPHP3
Q7Z4I7,607908,LIMS2
Q7Z4L5,612014,TTC21B
Q7Z4N2,603576,TRPM1
Q7Z4S6,608283,KIF21A
Q7Z4T9,609910,CFAP91
Q7Z4W1,608347,DCXR
Q7Z5J4,607642,RAI1
Q7Z5L9,615332,IRF2BP2
Q7Z5P4,612127,HSD17B13
Q7Z624,609559,CAMKMT
Q7Z698,609292,SPRED2
Q7Z699,609291,SPRED1
Q7Z6B7,606523,SRGAP1
Q7Z6J6,616309,FRMD5
Q7Z6J9,608755,TSEN54
Q7Z6L0,614386,PRRT2
Q7Z6Z7,300697,HUWE1
Q7Z7B1,610275,PIGW
Q7Z7C8,609514,TAF8
Q7Z7G8,607817,VPS13B
Q7Z7H3,619387,CATIP
Q7Z7M0,604267,MEGF8
Q86SG3,400048,DAZ4
Q86SG6,609799,NEK8
Q86SJ6,607892,DSG4
Q86SK9,608370,SCD5
Q86SQ4,612243,ADGRG6
Q86SQ7,613524,SDCCAG8
Q86SQ9,608172,DHDDS
Q86SU0,609739,ILDR1
Q86SX6,609588,GLRX5
Q86SZ2,610397,TRAPPC6B
Q86T65,606627,DAAM2
Q86TC9,608517,MYPN
Q86TH1,612277,ADAMTSL2
Q86TI2,608258,DPP9
Q86TP1,617413,PRUNE1
Q86U28,615317,ISCA2
Q86U42,602279,PABPN1
Q86U86,606083,PBRM1
Q86U90,612276,YRDC
Q86UC2,615876,RSPH3
Q86UE8,608439,TLK2
Q86UK0,607800,ABCA12
Q86UK5,607261,EVC2
Q86UL8,606382,MAGI2
Q86UR5,606629,RIMS1
Q86UT8,620142,CENATAC
Q86UU1,612834,PHLDB1
Q86UU5,609966,GGN
Q86UV5,617445,USP48
Q86UW1,612084,SLC51A
Q86UW2,612085,SLC51B
Q86UX7,607901,FERMT3
Q86VD7,610823,SLC25A42
Q86VP3,610423,PACS2
Q86VQ0,611408,LCA5
Q86VV8,610436,RTTN
Q86W42,615403,THOC6
Q86W92,603141,PPFIBP1
Q86WC4,607649,OSTM1
Q86WG3,608179,ATCAY
Q86WG5,607697,SBF2
Q86WU2,607490,LDHD
Q86WV6,612374,STING1
Q86X45,614930,DNAAF11
Q86X52,608183,CHSY1
Q86XA0,615262,METTL23
Q86XE5,613597,HOGA1
Q86XI2,608532,NCAPG2
Q86XK2,607871,FBXO11
Q86XL3,616062,ANKLE2
Q86XR8,607951,CEP57
Q86XX4,607830,FRAS1
Q86Y38,608124,XYLT1
Q86Y39,612638,NDUFA11
Q86Y56,614864,DNAAF5
Q86YC2,610355,PALB2
Q86YC3,615322,NRROS
Q86YF9,608671,DZIP1
Q86YH6,610564,PDSS2
Q86YR7,619946,MCF2L2
Q86YT5,608305,SLC13A5
Q86YT6,608677,MIB1
Q86YV9,607522,HPS6
Q86YW0,608075,PLCZ1
Q86YW9,611318,MED12L
Q8HWS3,612659,RFX6
Q8IU68,605829,TMC8
Q8IU80,609862,TMPRSS6
Q8IU89,615276,CERS3
Q8IUC6,607601,TICAM1
Q8IUG5,607295,MYO18B
Q8IUQ4,602212,SIAH1
Q8IUX1,615533,TMEM126B
Q8IUX7,602981,AEBP1
Q8IUZ5,614683,PHYKPL
Q8IV08,615698,PLD3
Q8IV16,612757,GPIHBP1
Q8IV20,613409,LACC1
Q8IV36,605752,HID1
Q8IV48,608739,ERI1
Q8IVB4,608396,SLC9A9
Q8IVF4,605884,DNAH10
Q8IVG5,611170,SAMD9L
Q8IVH4,607481,MMAA
Q8IVJ1,610801,SLC41A1
Q8IVL5,610341,P3H2
Q8IVM0,611051,CCDC50
Q8IVS2,614479,MCAT
Q8IVS8,610516,GLYCTK
Q8IVW8,612584,SPNS2
Q8IW40,614677,DNAAF19
Q8IW41,606723,MAPKAPK5
Q8IW45,615910,NAXD
Q8IWB6,605792,TEX14
Q8IWL1,178642,SFTPA2
Q8IWL2,178630,SFTPA1
Q8IWL3,608142,HSCB
Q8IWN7,608581,RP1L1
Q8IWS0,300414,PHF6
Q8IWT1,608256,SCN4B
Q8IWT6,608360,LRRC8A
Q8IWU4,611145,SLC30A8
Q8IWU9,607478,TPH2
Q8IWV7,605981,UBR1
Q8IWX7,611220,UNC45B
Q8IWY9,607465,CDAN1
Q8IWZ6,607590,BBS7
Q8IX03,610533,WWC1
Q8IX21,610348,SLF2
Q8IX30,614708,SCUBE3
Q8IXJ9,612990,ASXL1
Q8IXK2,610290,GALNT12
Q8IXL6,611061,FAM20C
Q8IXL7,613719,MSRB3
Q8IXQ5,611119,KLHL7
Q8IXS2,611088,CCDC65
Q8IXV7,613169,KLHDC8B
Q8IY17,603197,PNPLA6
Q8IY18,609386,SMC5
Q8IY37,617362,DHX37
Q8IY92,613278,SLX4
Q8IYA6,616174,CKAP2L
Q8IYB7,614184,DIS3L2
Q8IYD8,609644,FANCM
Q8IYF3,300311,TEX11
Q8IYG6,618227,LRRC56
Q8IYI6,615283,EXOC8
Q8IYM1,611562,SEPTIN12
Q8IYU2,610876,HACE1
Q8IYW5,612688,RNF168
Q8IYY4,617570,DZIP1L
Q8IZC6,608461,COL27A1
Q8IZD2,608444,KMT2E
Q8IZD9,603123,DOCK3
Q8IZF0,611549,NALCN
Q8IZJ3,608841,CPAMD8
Q8IZP9,300572,ADGRG2
Q8IZQ1,617485,WDFY3
Q8IZQ8,606127,MYOCD
Q8IZT6,605481,ASPM
Q8IZU3,604759,SYCP3
Q8IZY2,605414,ABCA7
Q8J025,607479,APCDD1
Q8N0S2,611486,SYCE1
Q8N0V5,600429,GCNT2
Q8N0W3,608675,FCSK
Q8N0W4,300427,NLGN4X
Q8N0X7,607111,SPART
Q8N0Z6,619014,TTC5
Q8N100,609875,ATOH7
Q8N119,608416,MMP21
Q8N126,609743,CADM3
Q8N130,609826,SLC34A3
Q8N135,608303,LGI4
Q8N136,620279,DAW1
Q8N138,610075,ORMDL3
Q8N142,612498,ADSS1
Q8N145,608302,LGI3
Q8N157,608894,AHI1
Q8N159,608300,NAGS
Q8N183,609653,NDUFAF2
Q8N196,600963,SIX5
Q8N1B3,300708,CCNQ
Q8N1F7,614351,NUP93
Q8N1G0,610568,ZNF687
Q8N1H7,617307,C14orf39
Q8N1T3,614636,MYO1H
Q8N1V2,609804,CFAP52
Q8N201,611345,INTS1
Q8N205,615535,SYNE4
Q8N2C7,612636,UNC80
Q8N2K0,613599,ABHD12
Q8N2Q7,600568,NLGN1
Q8N2S1,604710,LTBP4
Q8N2Y8,611053,RUSC2
Q8N300,617853,SVBP
Q8N335,611778,GPD1L
Q8N3C0,614217,ASCC3
Q8N3I7,603650,BBS5
Q8N3J5,611065,PPM1K
Q8N3U4,300826,STAG2
Q8N427,607421,NME8
Q8N465,609186,D2HGDH
Q8N490,609023,PNKD
Q8N4C6,608684,NIN
Q8N4L1,620108,TMEM151A
Q8N4S9,610572,MARVELD2
Q8N4T0,609562,CPA6
Q8N511,616815,TMEM199
Q8N573,605609,OXR1
Q8N5F7,300766,NKAP
Q8N5K1,611507,CISD2
Q8N5M1,608918,ATPAF2
Q8N5M9,616012,JAGN1
Q8N5Y2,300609,MSL3
Q8N5Z5,616386,KCTD17
Q8N608,608209,DPP10
Q8N635,617670,MEIOB
Q8N653,600574,LZTR1
Q8N6C5,300137,IGSF1
Q8N6F1,610036,CLDN19
Q8N6I4,619332,LYSET
Q8N6L0,618125,KASH5
Q8N6M0,612021,OTUD6B
Q8N6M3,612029,FITM2
Q8N6M6,619600,AOPEP
Q8N6R0,617987,METTL13
Q8N6U8,612250,GPR161
Q8N766,616846,EMC1
Q8N8E2,613598,ZNF513
Q8N8U9,608699,BMPER
Q8N8W4,612121,PNPLA1
Q8N960,613446,CEP120
Q8N9F0,610647,NAT8L
Q8N9I0,600104,SYT2
Q8N9N2,614215,ASCC1
Q8N9W5,614566,DNAAF3
Q8NA29,614397,MFSD2A
Q8NA31,617332,TERB1
Q8NA56,618735,TTC29
Q8NA58,619529,PNLDC1
Q8NAC3,610925,IL17RC
Q8NAP3,612218,ZBTB38
Q8NAT1,614828,POMGNT2
Q8NAX2,616758,KDF1
Q8NB49,300516,ATP11C
Q8NB59,610949,SYT14
Q8NB90,613940,AFG2A
Q8NB91,300515,FANCB
Q8NBF2,618277,NHLRC2
Q8NBJ5,617531,COLGALT1
Q8NBK3,607939,SUMF1
Q8NBL1,615618,POGLUT1
Q8NBP7,607786,PCSK9
Q8NBS3,610206,SLC4A11
Q8NBT0,614783,POC1A
Q8NBU5,614452,ATAD1
Q8NC56,616312,LEMD2
Q8NCE0,608753,TSEN2
Q8NCE2,611089,MTMR14
Q8NCH0,608429,CHST14
Q8NCM2,605716,KCNH5
Q8NCM8,603297,DYNC2H1
Q8NCR0,610194,B3GALNT2
Q8NCW5,608862,NAXE
Q8ND04,613175,SMG8
Q8NDB2,610292,BANK1
Q8NDG6,617963,TDRD9
Q8NDI1,609922,EHBP1
Q8NDL9,615900,AGBL5
Q8NDM7,617558,CFAP43
Q8NDN9,607867,RCBTB1
Q8NDV7,610739,TNRC6A
Q8NDW8,611430,TTC21A
Q8NDX2,607557,SLC17A8
Q8NE79,604577,POPDC1
Q8NEA6,610192,GLIS3
Q8NEC5,606389,CATSPER1
Q8NEH6,610766,MNS1
Q8NEL9,614603,DDHD1
Q8NEM0,607117,MCPH1
Q8NEN9,614235,PDZD8
Q8NEP3,613190,DNAAF1
Q8NES3,602576,LFNG
Q8NET8,607066,TRPV3
Q8NEV4,606808,MYO3A
Q8NEV8,612878,EXPH5
Q8NEW0,611149,SLC30A7
Q8NEZ2,609927,VPS37A
Q8NEZ3,608151,WDR19
Q8NEZ4,606833,KMT2C
Q8NF50,611432,DOCK8
Q8NF91,608441,SYNE1
Q8NFD5,614556,ARID1B
Q8NFF2,609840,SLC24A4
Q8NFF5,610595,FLAD1
Q8NFG4,607273,FLCN
Q8NFH4,609264,NUP37
Q8NFJ6,607123,PROKR2
Q8NFJ9,209901,BBS1
Q8NFM7,606807,IL17RD
Q8NFN8,610464,GPR156
Q8NFP9,604889,NBEA
Q8NG31,609173,KNL1
Q8NHS3,611124,MFSD8
Q8NHU2,620381,CFAP61
Q8NHU3,611574,SGMS2
Q8NHU6,611258,TDRD7
Q8NHW3,610303,MAFA
Q8NHX9,612163,TPCN2
Q8NHY0,111730,B4GALNT2
Q8NHY3,611398,GAS2L2
Q8NI17,609510,IL31RA
Q8NI22,607788,MCFD2
Q8NI27,300395,THOC2
Q8NI36,609669,WDR36
Q8NI60,606980,COQ8A
Q8TA86,607331,RP9
Q8TAA9,610132,VANGL1
Q8TAB3,300460,PCDH19
Q8TAD8,608241,SNIP1
Q8TAF8,609427,LHFPL5
Q8TAM1,610148,BBS10
Q8TAM2,608132,TTC8
Q8TAP9,609188,MPLKIP
Q8TAQ2,601734,SMARCC2
Q8TAX7,158375,MUC7
Q8TB36,606598,GDAP1
Q8TB37,613621,NUBPL
Q8TB61,610788,SLC35B2
Q8TB73,616506,NDNF
Q8TBB6,615720,SLC7A14
Q8TBY8,618085,PMFBP1
Q8TBY9,618146,CFAP251
Q8TBZ6,616013,TRMT10A
Q8TC12,607849,RDH11
Q8TC26,618978,TMEM163
Q8TC36,613942,SUN5
Q8TC44,614784,POC1B
Q8TC57,619098,M1AP
Q8TC94,619251,ACTL9
Q8TCG5,608846,CPT1C
Q8TCJ2,608605,STT3B
Q8TCS8,610316,PNPT1
Q8TCT8,608238,SPPL2A
Q8TCU4,606844,ALMS1
Q8TCX1,617083,DYNC2LI1
Q8TCY5,609196,MRAP
Q8TD16,609797,BICD2
Q8TD19,609798,NEK9
Q8TD30,138210,GPT2
Q8TD43,606936,TRPM4
Q8TDD2,606633,SP7
Q8TDH9,607289,BLOC1S5
Q8TDI0,610771,CHD5
Q8TDI8,606706,TMC1
Q8TDJ6,612186,DMXL2
Q8TDM6,604090,DLG5
Q8TDN2,607604,KCNV2
Q8TDP1,610330,RNASEH2C
Q8TDQ0,606652,HAVCR2
Q8TDR0,607380,TRAF3IP1
Q8TDX6,616615,CSGALNACT1
Q8TDX9,609721,PKD1L1
Q8TE12,600298,LMX1A
Q8TE56,607511,ADAMTS17
Q8TE58,607509,ADAMTS15
Q8TE59,607513,ADAMTS19
Q8TE60,607512,ADAMTS18
Q8TE67,614989,EPS8L3
Q8TE73,603335,DNAH5
Q8TE85,608317,GRHL3
Q8TEA7,616899,TBCK
Q8TEQ6,607005,GEMIN5
Q8TEQ8,614730,PIGO
Q8TEW0,606745,PARD3
Q8TF17,608206,SH3TC2
Q8TF40,610594,FNIP1
Q8TF50,614387,ZNF526
Q8WTS1,604780,ABHD5
Q8WTV0,601040,SCARB1
Q8WTW3,606973,COG1
Q8WTW4,607072,NPRL2
Q8WU10,617220,PYROXD1
Q8WU17,603046,RNF139
Q8WU66,612920,TSPEAR
Q8WUE5,301105,CT55
Q8WUF5,607463,PPP1R13L
Q8WUM0,607613,NUP133
Q8WUM4,608074,PDCD6IP
Q8WUU5,614518,GATAD1
Q8WV28,604515,BLNK
Q8WVJ9,607556,TWIST2
Q8WVM7,604358,STAG1
Q8WVP7,605522,LMBR1
Q8WVQ1,613165,CANT1
Q8WVR3,618350,TRAPPC14
Q8WVS4,615462,DYNC2I1
Q8WVT3,614139,TRAPPC12
Q8WVV4,300603,POF1B
Q8WVX9,616107,FAR1
Q8WW01,608756,TSEN15
Q8WW35,617353,DYNLT2B
Q8WW38,603693,ZFPM2
Q8WWI5,606105,SLC44A1
Q8WWQ0,612870,PHIP
Q8WWQ2,613469,HPSE2
Q8WWT9,606411,SLC13A3
Q8WWV3,610502,RTN4IP1
Q8WWY3,606419,PRPF31
Q8WWY8,607365,LIPH
Q8WWZ3,606603,EDARADD
Q8WX93,608092,PALLD
Q8WX94,609661,NLRP7
Q8WXD0,606655,RXFP2
Q8WXF7,606439,ATL1
Q8WXG6,603584,MADD
Q8WXG9,602851,ADGRV1
Q8WXH0,608442,SYNE2
Q8WXH2,605268,JPH3
Q8WXI2,300724,CNKSR2
Q8WXI3,615054,ASB10
Q8WXI9,614998,GATAD2B
Q8WXU2,608706,DNAAF4
Q8WXW3,607532,PIBF1
Q8WXX0,610061,DNAH7
Q8WXX7,607270,AUTS2
Q8WY41,608226,NANOS1
Q8WYA0,605489,IFT81
Q8WYA6,611537,CTNNBL1
Q8WYB5,605880,KAT6B
Q8WYP3,610222,RIN2
Q8WYQ3,615903,CHCHD10
Q8WYR1,611317,PIK3R5
Q8WYR4,609314,RSPH1
Q8WZ04,612414,LRTOMT
Q8WZ42,188840,TTN
Q8WZ55,606412,BSND
Q8WZ75,607528,ROBO4
Q8WZA1,606822,POMGNT1
Q92466,600811,DDB2
Q92481,601601,TFAP2B
Q92482,600170,AQP3
Q92504,601416,SLC39A7
Q92508,611184,PIEZO1
Q92521,604122,PIGB
Q92535,601730,PIGC
Q92538,603698,GBF1
Q92539,605519,LPIN2
Q92542,605254,NCSTN
Q92558,605035,WASF1
Q92560,603089,BAP1
Q92562,609390,FIG4
Q92570,600542,NR4A3
Q92574,605284,TSC1
Q92581,300231,SLC9A6
Q92597,605262,NDRG1
Q92608,603122,DOCK2
Q92620,605584,DHX38
Q92621,614352,NUP205
Q92622,613516,RUBCN
Q92626,605158,PXDN
Q92629,601411,SGCD
Q92643,605087,PIGK
Q92673,602005,SORL1
Q92685,608750,ALG3
Q92731,601663,ESR2
Q92734,602498,TFG
Q92736,180902,RYR2
Q92743,602194,HTRA1
Q92750,601689,TAF4B
Q92752,601995,TNR
Q92753,601972,RORB
Q92765,605083,FRZB
Q92777,600755,SYN2
Q92781,601617,RDH5
Q92785,601671,DPF2
Q92793,600140,CREBBP
Q92794,601408,KAT6A
Q92796,300189,DLG3
Q92823,601581,NRCAM
Q92826,604607,HOXB13
Q92833,601594,JARID2
Q92834,312610,RPGR
Q92838,300451,EDA
Q92847,601898,GHSR
Q92851,601762,CASP10
Q92858,601461,ATOH1
Q92878,604040,RAD50
Q92886,601726,NEUROG1
Q92887,601107,ABCC2
Q92888,601855,ARHGEF1
Q92889,133520,ERCC4
Q92901,617416,RPL3L
Q92902,604982,HPS1
Q92908,601656,GATA6
Q92911,601843,SLC5A5
Q92913,300070,FGF13
Q92915,601515,FGF14
Q92922,601732,SMARCC1
Q92925,601736,SMARCD2
Q92947,608801,GCDH
Q92949,602291,FOXJ1
Q92954,604283,PRG4
Q92959,601460,SLCO2A1
Q92963,609591,RIT1
Q92968,601789,PEX13
Q92974,607560,ARHGEF2
Q92979,611531,EMG1
Q92985,605047,IRF7
Q92988,601911,DLX4
Q92989,608757,CLP1
Q92990,601749,GLMN
Q92993,601409,KAT5
Q92994,604902,BRF1
Q92997,601368,DVL3
Q93008,300072,USP9X
Q93009,602519,USP7
Q93050,192130,ATP6V0A1
Q93063,608210,EXT2
Q93070,110600,ART4
Q93074,300188,MED12
Q93097,601968,WNT2B
Q93099,607474,HGD
Q93100,172490,PHKB
Q969E8,300945,TSR2
Q969F8,604161,KISS1R
Q969F9,606118,HPS3
Q969G2,602146,LHX4
Q969G3,603111,SMARCE1
Q969H0,606278,FBXW7
Q969M3,611483,YIPF5
Q969N2,610272,PIGT
Q969Q6,615902,PPP2R3C
Q969S9,606544,GFM2
Q969T9,606962,WBP2
Q969U7,609702,PSMG2
Q969V6,606078,MRTFA
Q969W0,613540,SPTSSA
Q969X5,617946,ERGIC1
Q969Y2,608536,GTPBP3
Q969Z4,611211,RELT
Q96A29,605881,SLC35C1
Q96A32,617378,MYL11
Q96A33,618260,CCDC47
Q96A57,617019,TMEM230
Q96AA3,611908,RFT1
Q96AD5,609059,PNPLA2
Q96AG3,610826,SLC25A46
Q96AP0,609377,ACD
Q96AP7,614281,ESAM
Q96AQ7,612120,CIDEC
Q96AX1,610034,VPS33A
Q96AY3,607063,FKBP10
Q96B26,606019,EXOSC8
Q96B97,300374,SH3KBP1
Q96BA8,616215,CREB3L1
Q96BD5,608325,PHF21A
Q96BI1,602631,SLC22A18
Q96BN8,615712,OTULIN
Q96BR5,615623,COA7
Q96BT3,611510,CENPT
Q96BT7,613306,ALKBH8
Q96BW9,614948,TAMM41
Q96BZ9,611663,TBC1D20
Q96C03,615498,MIEF2
Q96C11,611370,FGGY
Q96C12,615549,ARMC5
Q96C23,137030,GALM
Q96C36,616406,PYCR2
Q96C86,610534,DCPS
Q96CG8,610635,CTHRC1
Q96CQ1,616149,SLC25A36
Q96CU9,613622,FOXRED1
Q96CV9,602432,OPTN
Q96CW1,601024,AP2M1
Q96CW9,618689,NTNG2
Q96D09,300969,GPRASP2
Q96D31,610277,ORAI1
Q96D53,615567,COQ8B
Q96D71,614825,REPS1
Q96DA2,300774,RAB39B
Q96DA6,608977,DNAJC19
Q96DP5,611766,MTFMT
Q96DT5,603339,DNAH11
Q96DW6,610819,SLC25A38
Q96DX7,612298,TRIM44
Q96E22,610463,NUS1
Q96EB1,606985,ELP4
Q96EG1,610008,ARSG
Q96EK5,609367,KIFBP
Q96EK6,616510,GNPNAT1
Q96EN8,613274,MOCOS
Q96EP0,612487,RNF31
Q96EQ8,610432,RNF125
Q96EU7,300611,C1GALT1C1
Q96EV8,607145,DTNBP1
Q96EX3,613363,DYNC2I2
Q96EY7,614918,PTCD3
Q96EY8,607568,MMAB
Q96F07,606323,CYFIP2
Q96F15,608086,GIMAP5
Q96F25,612866,ALG14
Q96F46,605461,IL17RA
Q96F86,609842,EDC3
Q96FC9,601150,DDX11
Q96FE5,609791,LINGO1
Q96FG2,615427,ELMOD3
Q96FM1,611801,PGAP3
Q96FT9,614068,IFT43
Q96FV9,606930,THOC1
Q96FX8,609301,PERP
Q96G30,615410,MRAP2
Q96G74,300713,OTUD5
Q96G97,606158,BSCL2
Q96GA3,620074,LTV1
Q96GM5,601735,SMARCD1
Q96GM8,613931,TOE1
Q96GP6,613619,SCARF2
Q96GW9,609728,MARS2
Q96GX1,613846,TCTN2
Q96H72,608735,SLC39A13
Q96H96,609825,COQ2
Q96HA7,604546,TONSL
Q96HD1,607170,CRELD1
Q96HJ3,612324,CCDC34
Q96HP0,614194,DOCK6
Q96HR8,617868,NAF1
Q96HR9,609346,REEP6
Q96HY6,616177,DDRGK1
Q96HY7,614984,DHTKD1
Q96I51,620739,RCC1L
Q96I59,612803,NARS2
Q96IJ6,615495,GMPPA
Q96IL0,616003,COA8
Q96IP4,611357,TENT5A
Q96IR7,618994,HPDL
Q96IS3,610362,RAX2
Q96IV0,610661,NGLY1
Q96IX5,615204,ATP5MK
Q96IZ7,613352,RSRC1
Q96J02,606409,ITCH
Q96J42,617778,TXNDC15
Q96J66,607040,ABCC11
Q96J84,607428,KIRREL1
Q96J92,601844,WNK4
Q96JB1,603337,DNAH8
Q96JB2,606975,COG3
Q96JG6,616465,VPS50
Q96JG9,612078,ZNF469
Q96JI7,610844,SPG11
Q96JJ3,606421,ELMO2
Q96JM2,617371,ZNF462
Q96JM3,616327,CHAMP1
Q96JP9,609502,CDHR1
Q96JQ0,603057,DCHS1
Q96JX3,614725,SERAC1
Q96K19,614649,RNF170
Q96K21,619635,ZFYVE19
Q96K58,617103,ZNF668
Q96KG7,612453,MEGF10
Q96KG9,607982,SCYL1
Q96KN7,605446,RPGRIP1
Q96KP1,615329,EXOC2
Q96L21,619655,RPL10L
Q96L58,615291,B3GALT6
Q96L73,606681,NSD1
Q96L96,617608,ALPK3
Q96LB3,608040,IFT74
Q96LK0,615586,CEP19
Q96LL9,618202,DNAJC30
Q96LR9,612456,APOLD1
Q96LT7,614260,C9orf72
Q96LT9,618016,RNPC3
Q96LW4,615421,PRIMPOL
Q96M11,610693,HYLS1
Q96M32,615364,AK7
Q96M63,615038,ODAD1
Q96M86,617277,DNHD1
Q96M91,614759,CFAP53
Q96M94,300980,KLHL15
Q96M96,611104,FGD4
Q96M98,608427,PACRG
Q96MC2,615288,DRC1
Q96MF2,615521,STAC3
Q96MF7,617246,NSMCE2
Q96MG7,608243,NSMCE3
Q96MI9,615496,AGBL1
Q96MK3,611062,FAM20A
Q96MM7,300545,HS6ST2
Q96MP8,611725,KCTD7
Q96MS0,608630,ROBO3
Q96MT3,608500,PRICKLE1
Q96MT7,617559,CFAP44
Q96MT8,614724,CEP63
Q96MU8,609898,KREMEN1
Q96MV8,300576,ZDHHC15
Q96MW5,606979,COG8
Q96N66,606048,MBOAT7
Q96N67,615730,DOCK7
Q96N76,613012,UROC1
Q96NG3,617095,ODAD4
Q96NL8,614477,CFAP418
Q96NR3,300828,PTCHD1
Q96NR8,608830,RDH12
Q96NT0,613734,CCDC115
Q96NT5,611672,SLC46A1
Q96NY8,609607,NECTIN4
Q96P20,606416,NLRP3
Q96P31,606510,FCRL3
Q96P56,607249,CATSPER2
Q96P66,300393,GPR101
Q96P68,606922,OXGR1
Q96PC3,615781,AP1S3
Q96PD4,606496,IL17F
Q96PE7,608419,MCEE
Q96PL5,609017,ERMAP
Q96PN6,605205,ADCY10
Q96PR1,176256,KCNC2
Q96PU5,606384,NEDD4L
Q96PV0,603384,SYNGAP1
Q96PX8,609678,SLITRK1
Q96PY6,604588,NEK1
Q96PZ0,616261,PUS7
Q96PZ2,615292,FAM111A
Q96Q05,611966,TRAPPC9
Q96Q06,613247,PLIN4
Q96Q07,611237,BTBD9
Q96Q11,612907,TRNT1
Q96Q42,606352,ALS2
Q96Q45,614423,TMEM237
Q96QE5,616422,TEFM
Q96QF7,300369,GCNA
Q96QI5,619210,HS3ST6
Q96QK1,601501,VPS35
Q96QP1,607347,ALPK1
Q96QS3,300382,ARX
Q96QT4,605692,TRPM7
Q96QU1,605514,PCDH15
Q96QV1,606178,HHIP
Q96RD7,608420,PANX1
Q96RE7,610672,NACC1
Q96RI1,603826,NR1H4
Q96RJ3,606269,TNFRSF13C
Q96RK0,612082,CIC
Q96RK4,600374,BBS4
Q96RL7,605978,VPS13A
Q96RN1,608480,SLC26A8
Q96RP9,606639,GFM1
Q96RQ3,609010,MCCC1
Q96RR1,606075,TWNK
Q96RT7,610053,TUBGCP6
Q96RW7,608548,HMCN1
Q96RY7,614620,IFT140
Q96S06,611761,LMF1
Q96S37,607096,SLC22A12
Q96S42,601265,NODAL
Q96S44,608679,TP53RK
Q96S52,610271,PIGS
Q96S66,617539,CLCC1
Q96SD1,605988,DCLRE1C
Q96SF7,604127,TBX15
Q96SL4,615784,GPX7
Q96SN8,608201,CDK5RAP2
Q96ST3,607776,SIN3A
Q96SW2,609262,CRBN
Q96T21,607693,SECISBP2
Q96T52,605977,IMMP2L
Q96T58,613484,SPEN
Q96T60,605610,PNKP
Q96T83,300368,SLC9A7
Q96TA2,607472,YME1L1
Q99062,138971,CSF3R
Q99081,600480,TCF12
Q99217,300391,AMELX
Q99250,182390,SCN2A
Q99259,605363,GAD1
Q99424,601641,ACOX2
Q99447,602679,PCYT2
Q99453,603851,PHOX2B
Q99456,601687,KRT12
Q99496,608985,RNF2
Q99497,602533,PARK7
Q99502,601653,EYA1
Q99519,608272,NEU1
Q99523,602458,SORT1
Q99542,601807,MMP19
Q99558,604655,MAP3K14
Q99567,602552,NUP88
Q99574,602445,SERPINI1
Q99575,602486,POP1
Q99581,607150,FEV
Q99592,608433,ZBTB18
Q99593,601620,TBX5
Q99607,300775,ELF4
Q99608,602117,NDN
Q99612,602053,KLF6
Q99622,615140,C12orf57
Q99624,604437,SLC38A3
Q99643,602413,SDHC
Q99650,601743,OSMR
Q99653,606988,CHP1
Q99684,600871,GFI1
Q99697,601542,PITX2
Q99698,606897,LYST
Q99700,601517,ATXN2
Q99707,156570,MTR
Q99708,604124,RBBP8
Q99714,300256,HSD17B10
Q99715,120320,COL12A1
Q99720,601978,SIGMAR1
Q99732,603795,LITAF
Q99741,602627,CDC6
Q99743,603347,NPAS2
Q99757,609063,TXN2
Q99758,601615,ABCA3
Q99797,602241,MIPEP
Q99798,100850,ACO2
Q99807,601683,COQ7
Q99814,603349,EPAS1
Q99828,602293,CIB1
Q99835,601500,SMO
Q99836,602170,MYD88
Q99895,601405,CTRC
Q99958,602402,FOXC2
Q99959,602861,PKP2
Q99967,602937,CITED2
Q99972,601652,MYOC
Q99986,602168,VRK1
Q99988,605312,GDF15
Q99996,604001,AKAP9
Q9BPU6,608383,DPYSL5
Q9BPU9,611951,B9D2
Q9BPX6,605084,MICU1
Q9BQ52,605367,ELAC2
Q9BQ65,613276,USB1
Q9BQ87,400033,TBL1Y
Q9BQA9,618334,CYBC1
Q9BQB4,605740,SOST
Q9BQB6,608547,VKORC1
Q9BQC3,603456,DPH2
Q9BQI3,613635,EIF2AK1
Q9BQL6,607900,FERMT1
Q9BQP7,615076,MGME1
Q9BQS8,607182,FYCO1
Q9BQT8,607571,SLC25A21
Q9BR39,605267,JPH2
Q9BRB3,605754,PIGQ
Q9BRI3,609617,SLC30A2
Q9BRK0,609347,REEP2
Q9BRP0,616441,OVOL2
Q9BRT2,614461,UQCC2
Q9BS86,608498,ZPBP
Q9BSA9,616660,TMEM175
Q9BSH4,612958,TACO1
Q9BSI4,604319,TINF2
Q9BSJ2,617817,TUBGCP2
Q9BSQ5,607929,CCM2
Q9BSV6,608754,TSEN34
Q9BT09,610774,CNPY3
Q9BT22,605907,ALG1
Q9BT40,607875,INPP5K
Q9BT43,617457,POLR3GL
Q9BTA9,615049,WAC
Q9BTU6,609763,PI4K2A
Q9BTV4,612048,TMEM43
Q9BTW9,604649,TBCD
Q9BU40,300350,CHRDL1
Q9BU61,612911,NDUFAF3
Q9BU89,611262,DOHH
Q9BUB7,612418,TMEM70
Q9BUE6,611006,ISCA1
Q9BUF5,615103,TUBB6
Q9BUK6,617619,MSTO1
Q9BUL8,609118,PDCD10
Q9BUM1,611045,G6PC3
Q9BUN5,610162,CCDC28B
Q9BUR4,612661,WRAP53
Q9BUV8,619960,RAB5IF
Q9BV10,607144,ALG12
Q9BV29,618941,CCDC32
Q9BV36,606526,MLPH
Q9BV73,609689,CEP250
Q9BV79,608205,MECR
Q9BVA0,602703,KATNB1
Q9BVA1,612850,TUBB2B
Q9BVK2,608103,ALG8
Q9BVK8,613585,TMEM147
Q9BVQ7,619578,AFG2B
Q9BVV6,610178,KIAA0586
Q9BW27,170285,NUP85
Q9BW60,611813,ELOVL1
Q9BW83,615870,IFT27
Q9BW92,612805,TARS2
Q9BWF2,605958,TRAIP
Q9BWG6,608095,SCNM1
Q9BWP8,612502,COLEC11
Q9BWT1,609937,CDCA7
Q9BWT7,607209,CARD10
Q9BWU1,614720,CDK19
Q9BWX5,611496,GATA5
Q9BX10,607434,GTPBP2
Q9BX26,604105,SYCP2
Q9BX63,605882,BRIP1
Q9BX67,606871,JAM3
Q9BX79,610745,STRA6
Q9BX84,607009,TRPM6
Q9BX97,607647,PLVAP
Q9BXB1,606666,LGR4
Q9BXB7,609856,SPATA16
Q9BXC9,606151,BBS2
Q9BXF9,612683,TEKT3
Q9BXJ0,608752,C1QTNF5
Q9BXJ7,605799,AMN
Q9BXJ9,608000,NAA15
Q9BXL6,607211,CARD14
Q9BXL7,607210,CARD11
Q9BXM0,605725,PRX
Q9BXM7,608309,PINK1
Q9BXN1,608135,ASPN
Q9BXN2,606264,CLEC7A
Q9BXP8,619485,PAPPA2
Q9BXR6,608593,CFHR5
Q9BXS0,610004,COL25A1
Q9BXT5,605795,TEX15
Q9BXT6,605794,MOV10L1
Q9BXU7,300309,USP26
Q9BXV9,617436,GON7
Q9BXW9,613984,FANCD2
Q9BY12,611611,SCAPER
Q9BY32,147520,ITPA
Q9BY41,300269,HDAC8
Q9BY76,605910,ANGPTL4
Q9BY79,606227,MFRP
Q9BYB0,606230,SHANK3
Q9BYC5,602589,FUT8
Q9BYE0,608059,HES7
Q9BYI3,610531,HYCC1
Q9BYJ1,607206,ALOXE3
Q9BYM8,610924,RBCK1
Q9BYN7,618269,ZNF341
Q9BYP7,300358,WNK3
Q9BYT1,612107,SLC17A9
Q9BYT9,610110,ANO3
Q9BYV1,612471,AGXT2
Q9BYV8,610523,CEP41
Q9BYV9,605394,BACH2
Q9BYW2,612778,SETD2
Q9BYX4,606951,IFIH1
Q9BYZ6,607352,RHOBTB2
Q9BZ11,607114,ADAM33
Q9BZ23,606157,PANK2
Q9BZ71,608921,PITPNM3
Q9BZC7,600047,ABCA2
Q9BZD2,612373,SLC29A3
Q9BZE0,608539,GLIS2
Q9BZE2,616283,PUS3
Q9BZG1,610917,RAB34
Q9BZG2,606362,ACP4
Q9BZG8,603527,DPH1
Q9BZH6,606417,WDR11
Q9BZI7,300298,UPF3B
Q9BZK7,608628,TBL1XR1
Q9BZM3,616253,GSX2
Q9BZQ6,610214,EDEM3
Q9BZR6,605566,RTN4R
Q9BZR9,606125,TRIM8
Q9BZS1,300292,FOXP3
Q9BZV2,606152,SLC19A3
Q9BZV3,607056,IMPG2
Q9BZW7,607166,TSGA10
Q9C000,606636,NLRP1
Q9C004,607984,SPRY4
Q9C040,614141,TRIM2
Q9C056,605955,NKX6-2
Q9C091,617782,GREB1L
Q9C093,610172,SPEF2
Q9C0A1,617828,ZFHX2
Q9C0A6,615743,SETD5
Q9C0B1,610966,FTO
Q9C0B2,620187,CFAP74
Q9C0D0,608723,PHACTR1
Q9C0D9,607915,SELENOI
Q9C0E8,610236,LNPK
Q9C0F0,615115,ASXL3
Q9C0G0,615894,ZNF407
Q9C0J9,606200,BHLHE41
Q9C0K0,606558,BCL11B
Q9C0K1,608732,SLC39A8
Q9GZN0,607468,GPR88
Q9GZN7,614574,ROGDI
Q9GZR5,605512,ELOVL4
Q9GZS0,605483,DNAI2
Q9GZT5,606268,WNT10A
Q9GZT9,606425,EGLN1
Q9GZU1,605248,MCOLN1
Q9GZU5,300278,NYX
Q9GZV3,608761,SLC5A7
Q9GZV9,605380,FGF23
Q9GZX3,605294,CHST6
Q9GZX7,605257,AICDA
Q9GZY8,614785,MFF
Q9GZZ9,610552,UBA5
Q9H015,604190,SLC22A4
Q9H040,616086,SPRTN
Q9H061,612988,TMEM126A
Q9H078,616254,CLPB
Q9H082,605950,RAB33B
Q9H093,608131,NUAK2
Q9H0B3,620160,IQCN
Q9H0B6,611729,KLC2
Q9H0F7,608845,ARL6
Q9H0G5,616173,NSRP1
Q9H0H5,604980,RACGAP1
Q9H0J4,618304,QRICH2
Q9H0P0,606224,NT5C3A
Q9H0R3,619469,TMEM222
Q9H0R6,617209,QRSL1
Q9H0U3,300715,MAGT1
Q9H0V9,609552,LMAN2L
Q9H0W5,614145,CCDC8
Q9H0W8,613176,SMG9
Q9H115,611270,NAPB
Q9H116,613842,GZF1
Q9H156,300561,SLITRK2
Q9H161,605420,ALX4
Q9H165,606557,BCL11A
Q9H173,608005,SIL1
Q9H1A4,608473,ANAPC1
Q9H1B5,608125,XYLT2
Q9H1B7,611720,IRF2BPL
Q9H1C4,608204,UNC93B1
Q9H1D0,606680,TRPV6
Q9H1D9,617455,POLR3F
Q9H1K1,611911,ISCU
Q9H1P3,606731,OSBPL2
Q9H1R3,606566,MYLK2
Q9H1V8,610299,SLC6A17
Q9H1X1,612648,RSPH9
Q9H1Y0,604261,ATG5
Q9H211,605525,CDT1
Q9H221,605460,ABCG8
Q9H222,605459,ABCG5
Q9H237,300651,PORCN
Q9H244,600515,P2RY12
Q9H251,605516,CDH23
Q9H254,606214,SPTBN4
Q9H257,607212,CARD9
Q9H267,608552,VPS33B
Q9H269,608550,VPS16
Q9H270,608549,VPS11
Q9H2B4,610130,SLC26A1
Q9H2C0,605379,GAN
Q9H2C2,611647,ARV1
Q9H2D1,138480,SLC25A32
Q9H2D6,609761,TRIOBP
Q9H2F3,607764,HSD3B7
Q9H2M9,609275,RAB3GAP2
Q9H2P0,611386,ADNP
Q9H2P9,611075,DPH5
Q9H2S1,605879,KCNN2
Q9H2U2,609988,PPA2
Q9H2X9,606726,SLC12A5
Q9H324,608990,ADAMTS10
Q9H334,605515,FOXP1
Q9H3D4,603273,TP63
Q9H3H1,617840,TRIT1
Q9H3H5,191350,DPAGT1
Q9H3J6,613541,MTRFR
Q9H3L0,611935,MMADHC
Q9H3S1,607292,SEMA4A
Q9H3S4,606370,TPK1
Q9H3S7,606584,PTPN23
Q9H3T3,608873,SEMA6B
Q9H3U1,611219,UNC45A
Q9H3U7,607223,SMOC2
Q9H3Z4,611203,DNAJC5
Q9H444,610897,CHMP4B
Q9H488,607491,POFUT1
Q9H490,608528,PIGU
Q9H4A3,605232,WNK1
Q9H4B7,612901,TUBB1
Q9H4E7,610094,DEF6
Q9H4F8,608488,SMOC1
Q9H4G0,602879,EPB41L1
Q9H4L7,612761,SMARCAD1
Q9H4Q3,616741,PRDM13
Q9H4Q4,616458,PRDM12
Q9H4W6,607407,EBF3
Q9H4Z2,610827,ZNF335
Q9H553,607905,ALG2
Q9H582,614159,ZNF644
Q9H5I5,613629,PIEZO2
Q9H5K3,615247,POMK
Q9H5P4,612971,PDZD7
Q9H5V7,606238,IKZF5
Q9H5V9,301012,STEEP1
Q9H5Y7,609681,SLITRK6
Q9H649,617491,NSUN3
Q9H668,613128,STN1
Q9H694,614295,BICC1
Q9H6B4,611693,CLMP
Q9H6E4,618788,CCDC134
Q9H6I2,610928,SOX17
Q9H6L2,614949,TMEM231
Q9H6L5,613114,RETREG1
Q9H6P5,608270,TASP1
Q9H6S3,614988,EPS8L2
Q9H6U6,607470,BCAS3
Q9H6U8,606941,ALG9
Q9H6X2,606410,ANTXR1
Q9H772,608832,GREM2
Q9H799,614571,CPLANE1
Q9H7D7,617424,WDR26
Q9H7F0,610232,ATP13A3
Q9H7P9,611893,PLEKHG2
Q9H7Z6,609912,KAT8
Q9H808,612399,TLE6
Q9H816,609683,DCLRE1B
Q9H845,611103,ACAD9
Q9H869,607860,YY1AP1
Q9H892,610732,TTC12
Q9H8M5,607803,CNNM2
Q9H8P0,611715,SRD5A3
Q9H902,609139,REEP1
Q9H936,609302,SLC25A22
Q9H9B1,607001,EHMT1
Q9H9C1,613401,VIPAS39
Q9H9D4,616454,ZNF408
Q9H9E3,606976,COG4
Q9H9J2,611849,MRPL44
Q9H9P8,609584,L2HGDH
Q9H9Q4,611290,NHEJ1
Q9H9S5,606596,FKRP
Q9H9T3,612722,ELP3
Q9H9Y6,602000,POLR1B
Q9HA77,612800,CARS2
Q9HAB3,607882,SLC52A2
Q9HAB8,609853,PPCS
Q9HAC7,609187,SUGCT
Q9HAN9,608700,NMNAT1
Q9HAT2,610079,SIAE
Q9HAV0,610863,GNB4
Q9HAY6,605748,BCO1
Q9HAZ2,605557,PRDM16
Q9HB58,604457,SP110
Q9HB75,605247,PIDD1
Q9HB90,608267,RRAGC
Q9HB96,613976,FANCE
Q9HBA0,605427,TRPV4
Q9HBE4,605384,IL21
Q9HBE5,605383,IL21R
Q9HBG4,605239,ATP6V0A4
Q9HBG6,606045,IFT122
Q9HBV2,612739,SPACA1
Q9HBZ2,606036,ARNT2
Q9HC07,614726,TMEM165
Q9HC10,603681,OTOF
Q9HC21,606521,SLC25A19
Q9HC23,607002,PROK2
Q9HC29,605956,NOD2
Q9HC77,609279,CPAP
Q9HC78,606025,ZBTB20
Q9HC84,600770,MUC5B
Q9HC96,605286,CAPN10
Q9HCC0,609014,MCCC2
Q9HCD6,615047,TANC2
Q9HCE0,615068,EPG5
Q9HCF6,608961,TRPM3
Q9HCG7,609471,GBA2
Q9HCJ1,605145,ANKH
Q9HCK4,602431,ROBO2
Q9HCK8,610528,CHD8
Q9HCM3,613344,KIAA1549
Q9HCN6,605546,GP6
Q9HCR9,604961,PDE11A
Q9HD34,613311,LYRM4
Q9HD40,613009,SEPSECS
Q9HD42,164010,CHMP1A
Q9NNW7,606448,TXNRD2
Q9NNX1,600087,TUFT1
Q9NNX6,604672,CD209
Q9NP58,605452,ABCB6
Q9NP59,604653,SLC40A1
Q9NP70,601259,AMBN
Q9NP72,602207,RAB18
Q9NP73,300776,ALG13
Q9NP80,612123,PNPLA8
Q9NP81,612804,SARS2
Q9NP85,604766,NPHS2
Q9NP91,605616,SLC6A20
Q9NP95,605558,FGF20
Q9NPB3,607314,CABP2
Q9NPC2,605874,KCNK9
Q9NPC4,607922,A4GALT
Q9NPC6,605602,MYOZ2
Q9NPD5,605495,SLCO1B3
Q9NPD8,610538,UBE2T
Q9NPE3,606471,NOP10
Q9NPF0,606475,CD320
Q9NPF2,610128,CHST11
Q9NPF4,610107,OSGEP
Q9NPG4,605622,PCDH12
Q9NPI0,614459,TMEM138
Q9NPI8,613897,FANCF
Q9NPI9,605722,KCNJ16
Q9NPJ1,604896,MKKS
Q9NPL8,615534,TIMMDC1
Q9NPP4,606831,NLRC4
Q9NQ11,610513,ATP13A2
Q9NQ38,605010,SPINK5
Q9NQ40,613350,SLC52A3
Q9NQ48,606568,LZTFL1
Q9NQ66,607120,PLCB1
Q9NQ86,609317,TRIM36
Q9NQ89,616082,FERRY3
Q9NQB0,602228,TCF7L2
Q9NQC7,605018,CYLD
Q9NQG6,615497,MIEF1
Q9NQG7,606682,HPS4
Q9NQH7,613553,XPNPEP3
Q9NQL2,608268,RRAGD
Q9NQM4,300933,DNAAF6
Q9NQR9,608058,G6PC2
Q9NQT4,606492,EXOSC5
Q9NQT5,606489,EXOSC3
Q9NQV6,618319,PRDM10
Q9NQV8,616639,PRDM8
Q9NQW6,616027,ANLN
Q9NQW8,605080,CNGB3
Q9NQX0,616982,PRDM6
Q9NQX1,614161,PRDM5
Q9NQX3,603930,GPHN
Q9NQZ3,400003,DAZ1
Q9NQZ6,300897,ZC4H2
Q9NR23,606522,GDF3
Q9NR28,605219,DIABLO
Q9NR45,605202,NANS
Q9NR48,607999,ASH1L
Q9NR50,606273,EIF2B3
Q9NR56,606516,MBNL1
Q9NR61,605185,DLL4
Q9NR63,605207,CYP26B1
Q9NR82,607357,KCNQ5
Q9NR90,400027,DAZ3
Q9NR97,300366,TLR8
Q9NR99,300938,MXRA5
Q9NRA2,604322,SLC17A5
Q9NRD8,606759,DUOX2
Q9NRG9,605378,AAAS
Q9NRI5,605210,DISC1
Q9NRM0,606142,SLC2A9
Q9NRM1,606585,ENAM
Q9NRN9,618628,METTL5
Q9NRP7,607652,STK36
Q9NRR5,605440,UBQLN4
Q9NRR6,613037,INPP5E
Q9NRW7,610035,VPS45
Q9NRZ9,603946,HELLS
Q9NS15,602090,LTBP3
Q9NS56,609507,TOPORS
Q9NS62,616821,THSD1
Q9NS87,617569,KIF15
Q9NSB8,604799,HOMER2
Q9NSC2,602218,SALL1
Q9NSD9,609690,FARSB
Q9NSE2,602441,CISH
Q9NSE4,612801,IARS2
Q9NSI6,617824,BRWD1
Q9NSK7,614297,C19orf12
Q9NST1,609567,PNPLA3
Q9NSU2,606609,TREX1
Q9NSV4,614567,DIAPH3
Q9NTI2,605870,ATP8A2
Q9NTJ4,154580,MAN2C1
Q9NTN3,610804,SLC35D1
Q9NTQ9,605425,GJB4
Q9NU63,612192,ZFP57
Q9NUD9,610274,PIGV
Q9NUM4,613413,TMEM106B
Q9NUN5,612625,LMBRD1
Q9NUN7,617036,ACER3
Q9NUQ7,611482,UFSP2
Q9NUW8,607198,TDP1
Q9NUX5,606478,POT1
Q9NUY8,617687,TBC1D23
Q9NV35,615792,NUDT15
Q9NVC6,603810,MED17
Q9NVE7,606162,PANK4
Q9NVF7,609100,FBXO28
Q9NVH6,300777,TMLHE
Q9NVI1,611360,FANCI
Q9NVI7,612316,ATAD3A
Q9NVM4,610087,PRMT7
Q9NVR5,612517,DNAAF2
Q9NVS9,603287,PNPO
Q9NVV0,611236,TMEM38B
Q9NVV4,613669,MTPAP
Q9NVV9,609520,THAP1
Q9NVW2,300379,RLIM
Q9NW08,614366,POLR3B
Q9NW13,612074,RBM28
Q9NW15,613726,ANO10
Q9NW38,608111,FANCL
Q9NWB7,606621,IFT57
Q9NWF4,607883,SLC52A1
Q9NWF9,609948,RNF216
Q9NWM8,614505,FKBP14
Q9NWS8,614917,RMND1
Q9NWW5,606725,CLN6
Q9NWX6,618802,THG1L
Q9NWZ3,606883,IRAK4
Q9NX02,609364,NLRP2
Q9NX14,300403,NDUFB11
Q9NX18,613019,SDHAF2
Q9NX24,606470,NHP2
Q9NX46,610624,ADPRS
Q9NX62,614010,BPNT2
Q9NX78,617449,TMEM260
Q9NXB0,609883,MKS1
Q9NXE4,610457,SMPD4
Q9NXG2,616662,THUMPD1
Q9NXG6,614584,P4HTM
Q9NXH9,611669,TRMT1
Q9NXL9,610098,MCM9
Q9NXR1,609449,NDE1
Q9NXR8,607493,ING3
Q9NY15,608560,STAB1
Q9NY30,605673,BTG4
Q9NY46,182391,SCN3A
Q9NY47,607082,CACNA2D2
Q9NY65,605742,TUBA8
Q9NY72,608214,SCN3B
Q9NYC9,603330,DNAH9
Q9NYF0,607861,DACT1
Q9NYG8,605720,KCNK4
Q9NYJ7,602768,DLL3
Q9NYJ8,605101,TAB2
Q9NYK1,300365,TLR7
Q9NYK5,611845,MRPL39
Q9NYL2,609479,MAP3K20
Q9NYP3,611428,DONSON
Q9NYP7,611805,ELOVL5
Q9NYQ6,604523,CELSR1
Q9NYQ8,604269,FAT2
Q9NYV7,604867,TAS2R16
Q9NYY8,612322,FASTKD2
Q9NZ01,610057,TECR
Q9NZ09,609787,UBAP1
Q9NZ42,607632,PSENEN
Q9NZ56,606373,FMN2
Q9NZ71,608833,RTEL1
Q9NZ94,300336,NLGN3
Q9NZA1,607293,CLIC5
Q9NZB8,603707,MOCS1
Q9NZC2,605086,TREM2
Q9NZC7,605131,WWOX
Q9NZC9,606622,SMARCAL1
Q9NZD8,608181,SPG21
Q9NZH0,605948,GPRC5B
Q9NZH6,605510,IL37
Q9NZJ4,604490,SACS
Q9NZJ5,604032,EIF2AK3
Q9NZK5,607575,ADA2
Q9NZM1,604603,MYOF
Q9NZM4,605690,BICRA
Q9NZN1,300206,IL1RAPL1
Q9NZN8,604909,CNOT2
Q9NZN9,604392,AIPL1
Q9NZR4,605020,VSX1
Q9NZU0,604808,FLRT3
Q9NZV5,606210,SELENON
Q9NZW4,125485,DSPP
Q9P021,604594,CRIPT
Q9P032,611776,NDUFAF4
Q9P086,612383,MED11
Q9P0J0,609435,NDUFA13
Q9P0J1,605993,PDP1
Q9P0K1,603709,ADAM22
Q9P0K9,604574,FRRS1L
Q9P0N5,613277,TMEM216
Q9P0N9,612655,TBC1D7
Q9P0U1,607980,TOMM7
Q9P0W8,609868,SPATA7
Q9P0X4,608230,CACNA1I
Q9P1T7,614511,MDFIC
Q9P1W3,619953,TMEM63C
Q9P202,607928,WHRN
Q9P212,608414,PLCE1
Q9P219,611204,CCDC88C
Q9P225,603333,DNAH2
Q9P267,611472,MBD5
Q9P273,610083,TENM3
Q9P2D1,608892,CHD7
Q9P2D7,603332,DNAH1
Q9P2E3,618931,ZNFX1
Q9P2H3,611177,IFT80
Q9P2J5,151350,LARS1
Q9P2K1,612013,CC2D2A
Q9P2K8,609280,EIF2AK4
Q9P2L0,613602,WDR35
Q9P2P5,617245,HECW2
Q9P2Q2,616305,FRMD4A
Q9P2R6,605226,RERE
Q9P2R7,603921,SUCLA2
Q9P2W1,608665,PSMC3IP
Q9P2X0,605951,DPM3
Q9UBB4,611150,ATXN10
Q9UBB6,608458,NCDN
Q9UBC1,601022,NFKBIL1
Q9UBC3,602900,DNMT3B
Q9UBD9,607672,CLCF1
Q9UBF8,602758,PI4KB
Q9UBF9,604103,MYOT
Q9UBG3,611312,CRNN
Q9UBH0,605507,IL36RN
Q9UBH6,605237,XPR1
Q9UBK8,602568,MTRR
Q9UBL9,600844,P2RX2
Q9UBM7,602858,DHCR7
Q9UBN7,300272,HDAC6
Q9UBP0,604277,SPAST
Q9UBQ7,604296,GRHPR
Q9UBR1,606673,UPB1
Q9UBR4,600577,LHX3
Q9UBS4,611341,DNAJB11
Q9UBS5,603540,GABBR1
Q9UBT2,613295,UBA2
Q9UBV7,604327,B4GALT7
Q9UBW7,602221,ZMYM2
Q9UBX0,601802,HESX1
Q9UBX1,603539,CTSF
Q9UBX2,606009,DUX4
Q9UBX3,606794,SLC25A10
Q9UBX5,604580,FBLN5
Q9UBX7,604434,KLK11
Q9UBY8,607837,CLN8
Q9UDR5,605113,AASS
Q9UDY2,607709,TJP2
Q9UDY4,611327,DNAJB4
Q9UDY8,604860,MALT1
Q9UEF7,604824,KL
Q9UET6,300499,FTSJ1
Q9UEY8,601568,ADD3
Q9UFE4,613798,CCDC39
Q9UFH2,610063,DNAH17
Q9UG01,607386,IFT172
Q9UG56,612770,PISD
Q9UGI6,602983,KCNN3
Q9UGI9,604976,PRKAG3
Q9UGJ0,602743,PRKAG2
Q9UGJ1,609610,TUBGCP4
Q9UGL1,605393,KDM5B
Q9UGM3,601969,DMBT1
Q9UGM6,604733,WARS2
Q9UGP8,608648,SEC63
Q9UGU0,603107,TCF20
Q9UH77,605775,KLHL3
Q9UHB6,608364,LIMA1
Q9UHB7,604417,AFF4
Q9UHB9,604858,SRP68
Q9UHC1,604395,MLH3
Q9UHC6,604569,CNTNAP2
Q9UHC9,608010,NPC1L1
Q9UHD2,604834,TBK1
Q9UHD8,604061,SEPTIN9
Q9UHD9,300264,UBQLN2
Q9UHF0,162330,TAC3
Q9UHF7,604386,TRPS1
Q9UHG0,605755,DCDC2
Q9UHJ6,605060,SHPK
Q9UHJ9,615187,PGAP2
Q9UHK6,604489,AMACR
Q9UHN1,604983,POLG2
Q9UHV7,603808,MED13
Q9UHW9,604878,SLC12A6
Q9UHX1,604819,PUF60
Q9UHX3,606100,ADGRE2
Q9UI09,614530,NDUFA12
Q9UI10,606687,EIF2B4
Q9UI17,605849,DMGDH
Q9UI33,604385,SCN11A
Q9UI43,606906,MRM2
Q9UI46,604366,DNAI1
Q9UI47,607667,CTNNA3
Q9UI95,604094,MAD2L2
Q9UID3,615738,VPS51
Q9UIF7,604933,MUTYH
Q9UIR0,606000,BTNL2
Q9UIW2,601055,PLXNA1
Q9UJ55,605283,MAGEL2
Q9UJ71,604862,CD207
Q9UJ90,300328,KCNE5
Q9UJ98,608489,STAG3
Q9UJA2,608188,CRLS1
Q9UJA3,608187,MCM8
Q9UJJ9,607838,GNPTG
Q9UJQ4,607343,SALL4
Q9UJS0,603859,SLC25A13
Q9UJU5,611539,FOXD3
Q9UJV3,300204,MID2
Q9UJV9,608170,DDX41
Q9UJX3,606949,ANAPC7
Q9UJY1,608014,HSPB8
Q9UK05,605120,GDF2
Q9UK17,605411,KCND3
Q9UK53,601566,ING1
Q9UK59,607024,DBR1
Q9UKA2,605654,FBXL4
Q9UKB1,605651,FBXW11
Q9UKE5,610005,TNIK
Q9UKF6,606029,CPSF3
Q9UKG1,604299,APPL1
Q9UKM7,604346,MAN1B1
Q9UKN7,602666,MYO15A
Q9UKT7,605653,FBXL3
Q9UKT9,606221,IKZF3
Q9UKU7,604773,ACAD8
Q9UKV0,606543,HDAC9
Q9UKV5,603243,AMFR
Q9UKV8,606229,AGO2
Q9UKX2,160740,MYH2
Q9UKY4,607439,POMT2
Q9UL01,605942,DSE
Q9UL12,604455,SARDH
Q9UL15,603885,BAG5
Q9UL16,605152,CFAP45
Q9UL17,604895,TBX21
Q9UL18,606228,AGO1
Q9UL33,610970,TRAPPC2L
Q9UL45,604310,BLOC1S6
Q9UL51,602781,HCN2
Q9UL68,613084,MYT1L
Q9ULB1,600565,NRXN1
Q9ULC3,606144,RAB23
Q9ULC4,300587,MCTS1
Q9ULC5,605677,ACSL5
Q9ULD0,617513,OGDHL
Q9ULD2,609589,MTUS1
Q9ULD6,610621,INTU
Q9ULH0,615759,KIDINS220
Q9ULI4,613231,KIF26A
Q9ULJ6,607159,ZMIZ1
Q9ULK4,605042,MED23
Q9ULK5,600533,VANGL2
Q9ULM3,613373,YEATS2
Q9ULP9,613577,TBC1D24
Q9ULT0,609332,TTC7A
Q9ULV0,606540,MYO5B
Q9ULV1,604579,FZD4
Q9ULV5,602438,HSF4
Q9ULW8,606755,PADI3
Q9UM00,614123,TMCO1
Q9UM01,603593,SLC7A7
Q9UM07,605347,PADI4
Q9UM11,603619,FZR1
Q9UM47,600276,NOTCH3
Q9UM54,600970,MYO6
Q9UM63,603044,PLAGL1
Q9UM73,105590,ALK
Q9UMD9,113811,COL17A1
Q9UMN6,606834,KMT2B
Q9UMR3,606061,TBX20
Q9UMS0,608100,NFU1
Q9UMW8,607057,USP18
Q9UMX1,607035,SUFU
Q9UMX6,602275,GUCA1B
Q9UMX9,606202,SLC45A2
Q9UMZ3,603317,PTPRQ
Q9UN37,609982,VPS4A
Q9UNA1,605370,ARHGAP26
Q9UNE0,604095,EDAR
Q9UNE7,607207,STUB1
Q9UNF1,300470,MAGED2
Q9UNH5,603504,CDC14A
Q9UNP4,604402,ST3GAL5
Q9UNQ0,603756,ABCG2
Q9UNS1,603887,TIMELESS
Q9UNW1,605391,MINPP1
Q9UNW9,601991,NOVA2
Q9UP52,604720,TFR2
Q9UP83,606821,COG5
Q9UPI3,610865,FLVCR2
Q9UPM8,607244,AP4E1
Q9UPM9,614144,B9D1
Q9UPN3,608271,MACF1
Q9UPP1,300560,PHF8
Q9UPQ8,610746,DOLK
Q9UPQ9,610740,TNRC6B
Q9UPS6,611055,SETD1B
Q9UPS8,610855,ANKRD26
Q9UPT5,608163,EXOC7
Q9UPT6,605431,MAPK8IP3
Q9UPU7,619152,TBC1D2B
Q9UPV0,614848,CEP164
Q9UPV9,608112,TRAK1
Q9UPW5,606830,AGTPBP1
Q9UPW6,608148,SATB2
Q9UPX8,603290,SHANK2
Q9UPY3,606241,DICER1
Q9UPZ3,607521,HPS5
Q9UPZ9,612325,CILK1
Q9UQ13,602775,SHOC2
Q9UQ26,606630,RIMS2
Q9UQ35,606032,SRRM2
Q9UQ90,602783,SPG7
Q9UQB9,603495,AURKC
Q9UQD0,600702,SCN8A
Q9UQE7,606062,SMC3
Q9UQF2,604641,MAPK8IP1
Q9UQM7,114078,CAMK2A
Q9UQN3,609512,CHMP2B
Q9UQQ2,605093,SH2B3
Q9UQR1,601897,ZNF148
Q9Y210,603652,TRPC6
Q9Y215,603033,COLQ
Q9Y219,602570,JAG2
Q9Y223,603824,GNE
Q9Y233,610652,PDE10A
Q9Y234,610284,LIPT1
Q9Y238,604050,DLEC1
Q9Y243,611223,AKT3
Q9Y244,613386,POMP
Q9Y250,606551,LZTS1
Q9Y252,604242,RNF6
Q9Y253,603968,POLH
Q9Y259,612395,CHKB
Q9Y263,603873,PLAA
Q9Y276,603647,BCS1L
Q9Y281,601443,CFL2
Q9Y283,243305,INVS
Q9Y285,602918,FARSA
Q9Y287,603904,ITM2B
Q9Y289,604024,SLC5A6
Q9Y295,603952,DRG1
Q9Y296,610971,TRAPPC4
Q9Y2B1,605862,RXYLT1
Q9Y2B2,605947,PIGL
Q9Y2D2,605632,SLC35A3
Q9Y2D4,607880,EXOC6B
Q9Y2G1,608329,MYRF
Q9Y2G2,609051,CARD8
Q9Y2H9,612256,MAST1
Q9Y2I7,609414,PIKFYVE
Q9Y2I8,618586,WDR37
Q9Y2K2,614776,SIK3
Q9Y2M0,613534,FAN1
Q9Y2Q5,610389,LAMTOR2
Q9Y2R0,614775,COA3
Q9Y2R2,600716,PTPN22
Q9Y2T1,604025,AXIN2
Q9Y2U8,607844,LEMD3
Q9Y2V0,615626,CDIN1
Q9Y2V3,601881,RAX
Q9Y2V7,606977,COG6
Q9Y2W2,618083,WBP11
Q9Y2W3,605763,SLC45A1
Q9Y2Y0,615407,ARL2BP
Q9Y2Y1,606007,POLR3K
Q9Y2Y6,615949,TMEM98
Q9Y2Z2,614667,MTO1
Q9Y2Z4,610957,YARS2
Q9Y2Z9,614647,COQ6
Q9Y320,616715,TMX2
Q9Y345,604159,SLC6A5
Q9Y366,617094,IFT52
Q9Y375,606934,NDUFAF1
Q9Y397,300646,ZDHHC9
Q9Y399,611971,MRPS2
Q9Y3A0,612898,COQ4
Q9Y3A4,619449,RRP7A
Q9Y3A5,607444,SBDS
Q9Y3B2,606493,EXOSC1
Q9Y3C4,608680,TPRKB
Q9Y3C6,601301,PPIL1
Q9Y3C8,610554,UFC1
Q9Y3D3,609204,MRPS16
Q9Y3D7,614336,PAM16
Q9Y3D9,611985,MRPS23
Q9Y3E5,608625,PTRH2
Q9Y3I1,605648,FBXO7
Q9Y3Q4,605206,HCN4
Q9Y3R0,604597,GRIP1
Q9Y3Z3,606754,SAMHD1
Q9Y448,614718,KNSTRN
Q9Y458,300307,TBX22
Q9Y462,314990,ZNF711
Q9Y463,604556,DYRK1B
Q9Y467,602219,SALL2
Q9Y484,300526,WDR45
Q9Y487,611716,ATP6V0A2
Q9Y4A5,603015,TRRAP
Q9Y4D2,614015,DAGLA
Q9Y4D7,604282,PLXND1
Q9Y4D8,620209,HECTD4
Q9Y4F4,617618,TOGARAM1
Q9Y4F9,611410,RIPOR2
Q9Y4G2,611466,PLEKHM1
Q9Y4G8,609530,RAPGEF2
Q9Y4I1,160777,MYO5A
Q9Y4J8,601239,DTNA
Q9Y4L1,601746,HYOU1
Q9Y4P8,609225,WIPI2
Q9Y4R8,611140,TELO2
Q9Y4U1,609831,MMACHC
Q9Y4W2,300964,LAS1L
Q9Y4W6,604581,AFG3L2
Q9Y4X0,300195,AMMECR1
Q9Y4Z2,604882,NEUROG3
Q9Y561,618299,LRP12
Q9Y584,607251,TIMM22
Q9Y586,604357,MAB21L2
Q9Y587,607243,AP4S1
Q9Y592,615847,CEP83
Q9Y5B0,604927,CTDP1
Q9Y5B9,605012,SUPT16H
Q9Y5C1,604774,ANGPTL3
Q9Y5F7,606305,PCDHGC4
Q9Y5I7,603959,CLDN16
Q9Y5K2,603767,KLK4
Q9Y5K6,604241,CD2AP
Q9Y5L0,610032,TNPO3
Q9Y5N6,607213,ORC6
Q9Y5P4,604677,CERT1
Q9Y5P6,615320,GMPPB
Q9Y5Q3,608968,MAFB
Q9Y5Q5,605236,CORIN
Q9Y5R6,602424,DMRT1
Q9Y5S2,614062,CDC42BPB
Q9Y5S9,605313,RBM8A
Q9Y5U8,614738,MPC1
Q9Y5U9,609382,IER3IP1
Q9Y5W7,616105,SNX14
Q9Y5X0,614780,SNX10
Q9Y5X4,604485,NR2E3
Q9Y5Y0,609144,FLVCR1
Q9Y5Y5,603360,PEX16
Q9Y5Y6,606797,ST14
Q9Y5Y9,604427,SCN10A
Q9Y5Z9,611632,UBIAD1
Q9Y606,608109,PUS1
Q9Y615,604303,ACTL7A
Q9Y616,604459,IRAK3
Q9Y617,610936,PSAT1
Q9Y619,603861,SLC25A15
Q9Y625,604404,GPC6
Q9Y653,604110,ADGRG1
Q9Y664,615620,KPTN
Q9Y672,604566,ALG6
Q9Y673,604565,ALG5
Q9Y697,603485,NFS1
Q9Y698,602911,CACNG2
Q9Y6A1,607423,POMT1
Q9Y6B6,607690,SAR1B
Q9Y6B7,607245,AP4B1
Q9Y6C2,130660,EMILIN1
Q9Y6C5,603673,PTCH2
Q9Y6D5,605371,ARFGEF2
Q9Y6D6,604141,ARFGEF1
Q9Y6D9,602686,MAD1L1
Q9Y6H1,616244,CHCHD2
Q9Y6H5,603779,SNCAIP
Q9Y6H6,604433,KCNE3
Q9Y6H8,121015,GJA3
Q9Y6J6,603796,KCNE2
Q9Y6K1,602769,DNMT3A
Q9Y6K9,300248,IKBKG
Q9Y6L6,604843,SLCO1B1
Q9Y6M9,601445,NDUFB9
Q9Y6N1,603648,COX11
Q9Y6N5,617658,SQOR
Q9Y6N6,604349,LAMC3
Q9Y6N7,602430,ROBO1
Q9Y6N9,605242,USH1C
Q9Y6Q6,603499,TNFRSF11A
Q9Y6R1,603345,SLC4A4
Q9Y6V0,604918,PCLO
Q9Y6W8,604558,ICOS
Q9Y6X0,611060,SETBP1
Q9Y6X9,616661,MORC2
Q9Y6Y0,609209,IVNS1ABP
Q9Y6Y1,611501,CAMTA1
Q9Y6Z7,607620,COLEC10
A0A1B0GTQ4,619912,MYMX
A1L188,618461,NDUFAF8
A6NFK2,615762,GRXCR2
O75352,604041,MPDU1
O75380,603848,NDUFS6
O75635,603357,SERPINB7
O76001,615016,OR2J3
O94903,604436,PLPBP
O95076,606014,ALX3
O95455,616146,TGDS
O95625,618181,ZBTB11
P07316,123670,CRYGB
P09001,607118,MRPL3
P0DJ07,614770,PET100
P42357,609457,HAL
P52746,604083,ZNF142
P55808,300879,XG
P57775,608071,FBXW4
P59533,607751,TAS2R38
P82663,611987,MRPS25
Q02221,602009,COX6A2
Q12988,604624,HSPB3
Q15198,604584,PDGFRL
Q17RF5,614829,ODAPH
Q32M78,609571,ZNF699
Q3MJ13,613214,WDR72
Q3ZCN5,614925,OTOGL
Q5HYJ1,617242,TECRL
Q5T6L9,615532,ERMARD
Q68DH5,619490,LMBRD2
Q69YN2,616120,CWF19L1
Q6GMV3,617342,PTRHD1
Q6IEE7,616178,TMEM132E
Q6JEL2,608778,KLHL10
Q6NW34,617089,NEPRO
Q6NXR4,614426,TTI2
Q6PII3,616735,CCDC174
Q6ZRI8,300937,ARHGAP36
Q71RH2,615175,TLCD3B
Q7L3T8,612036,PARS2
Q7RTU9,606440,STRC
Q7Z3V4,608047,UBE3B
Q7Z4M0,618421,REC114
Q7Z4Q2,614951,HEATR3
Q86WW8,613920,COA5
Q8IVV2,613072,LOXHD1
Q8N442,617064,GUF1
Q8N6T0,616109,TOP6BL
Q8N806,613816,UBR7
Q8N8E3,618980,CEP112
Q8N8R5,619219,C2orf69
Q8NBH2,605739,KY
Q8NC96,611623,NECAP1
Q8NEN0,618424,ARMC2
Q8NEX9,609769,SDR9C7
Q8NG48,610350,LINS1
Q8NHQ8,608231,RASSF8
Q8NHR7,617131,TERB2
Q8TCD1,619979,C18orf32
Q8TF64,608792,GIPC3
Q969Q4,609351,ARL11
Q96BN6,618413,FAM149B1
Q96CW6,619192,SLC7A6OS
Q96DX4,616585,RSPRY1
Q96EY9,615302,ADAT3
Q96FN5,611278,KIF12
Q96I36,614478,COX14
Q96KJ9,607976,COX4I2
Q9BRN9,610014,TM2D3
Q9BRQ4,618058,CFAP300
Q9H091,614312,ZMYND15
Q9H0U9,604714,TSPYL1
Q9H3S5,610273,PIGM
Q9H6K4,606580,OPA3
Q9HAE3,619564,CLXN
Q9HBV1,605824,POPDC3
Q9NP08,142992,HMX1
Q9NTZ6,607179,RBM12
Q9P0S2,618064,COX16
Q9UHP9,300226,SMPX
Q9UKB3,606060,DNAJC12
Q9ULL5,616633,PRR12
Q9Y2Q9,611990,MRPS28
Q9Y2R9,611974,MRPS7
A0A1W2PR82,618656,PERCC1
B2CW77,612105,KLLN
P0C7Q2,611313,ARMS2
P0DUH7,619257,HRURF
Q3B7T3,612051,BEAN1
Q5SV17,616101,TMEM240
Q6UWS5,614771,PET117
Q6ZS82,607814,RGS9BP
Q75NE6,609415,MIR17HG
Q8IV33,617266,KIAA0825
Q8NEW7,607237,TMIE
Q9H2I8,614537,LRMDA
Q9HCJ5,615951,ZSWIM6
Q9NXN4,618128,GDAP2
Q156A1,613289,ATXN8
Q86VQ1,614283,GLCCI1
Q8N8I0,618073,SAMD12
